email_id,label,category,email_text
P0940,1,phishing,Your employee benefits account requires verification. Sign in at https://www.account-security-alert.com/verify.
L0632,0,legitimate,Thank you for contacting support. We have created a ticket and will respond within two business days.
L0695,0,legitimate,"Hello team, the weekly project update is attached. Please review it before the meeting."
P0682,1,phishing,Urgent: Your PayPal account has been suspended. Verify your account immediately at https://www.reward-center-online.com/verify.
P0913,1,phishing,Important document: Please review and sign the attached form using https://www.verify-login-now.net/verify.
L0803,0,legitimate,Thank you for contacting support. We have created a ticket and will respond within two business days.
P0849,1,phishing,Congratulations! You have been selected for a cash reward. Submit your details at https://www.reward-center-online.com/verify.
L1072,0,legitimate,"Hi Meera, here are the notes from yesterday's discussion. Please share any corrections."
P0305,1,phishing,Your password expires today. Keep your account active by confirming it at https://www.secure-account-check.com/verify.
L0181,0,legitimate,Thanks for your application. We will review your documents and contact you with the next steps.
P0241,1,phishing,Your password expires today. Keep your account active by confirming it at https://www.billing-confirmation.net/verify.
L0788,0,legitimate,The maintenance team will inspect the office network on Tuesday. No action is required from you.
L0335,0,legitimate,The maintenance team will inspect the office network on Monday. No action is required from you.
P0684,1,phishing,Your payment was declined. Update your billing information within 24 hours at https://www.reward-center-online.com/verify.
L0137,0,legitimate,Your library book is due on Tuesday. You can renew it through the library portal.
L0642,0,legitimate,Thank you for contacting support. We have created a ticket and will respond within two business days.
P0450,1,phishing,Urgent: Your company account has been suspended. Verify your account immediately at https://www.account-security-alert.com/verify.
P0149,1,phishing,You are eligible for an exclusive bonus. Click https://www.verify-login-now.net/verify to claim it before midnight.
P1062,1,phishing,You have won a $500 gift card. Claim your reward now by visiting https://www.verify-login-now.net/verify.
L0270,0,legitimate,"Hi everyone, today's training session will begin at 10:00 AM. The meeting link is in the calendar invitation."
L0895,0,legitimate,Your order has been shipped and is expected to arrive on Thursday. You can track it from your account dashboard.
L0236,0,legitimate,"Hi everyone, today's training session will begin at 10:00 AM. The meeting link is in the calendar invitation."
P0317,1,phishing,Your tax refund is ready. Confirm your bank information at https://www.secure-account-check.com/verify.
L0444,0,legitimate,"Hi everyone, today's training session will begin at 4:00 PM. The meeting link is in the calendar invitation."
P0116,1,phishing,Action required: Your subscription payment failed. Reactivate it immediately at https://www.account-security-alert.com/verify.
L0221,0,legitimate,"Hi Meera, could you please send the latest version of the report when convenient?"
P0750,1,phishing,Important document: Please review and sign the attached form using https://www.reward-center-online.com/verify.
P0075,1,phishing,Your payment was declined. Update your billing information within 24 hours at https://www.reward-center-online.com/verify.
L0433,0,legitimate,Thanks for your application. We will review your documents and contact you with the next steps.
P0688,1,phishing,Your password expires today. Keep your account active by confirming it at https://www.account-security-alert.com/verify.
L0883,0,legitimate,"Hello team, the weekly project update is attached. Please review it before the meeting."
L0424,0,legitimate,The maintenance team will inspect the office network on Wednesday. No action is required from you.
L0837,0,legitimate,"Hi Sanjay, could you please send the latest version of the report when convenient?"
L0377,0,legitimate,Your package is ready for pickup at the collection desk during normal working hours.
P0110,1,phishing,Your password expires today. Keep your account active by confirming it at https://www.verify-login-now.net/verify.
P0328,1,phishing,Final notice: Your account will be closed unless you verify your password at https://www.verify-login-now.net/verify.
P0873,1,phishing,You are eligible for an exclusive bonus. Click https://www.billing-confirmation.net/verify to claim it before midnight.
P1195,1,phishing,Your payment was declined. Update your billing information within 24 hours at https://www.reward-center-online.com/verify.
P0510,1,phishing,Final notice: Your account will be closed unless you verify your password at https://www.billing-confirmation.net/verify.
P0104,1,phishing,You have won a shopping voucher. Claim your reward now by visiting https://www.verify-login-now.net/verify.
L0956,0,legitimate,The maintenance team will inspect the office network on Wednesday. No action is required from you.
P0813,1,phishing,Security alert: We detected unusual activity on your PayPal account. Confirm your identity using https://www.billing-confirmation.net/verify.
P0113,1,phishing,Your employee benefits account requires verification. Sign in at https://www.reward-center-online.com/verify.
L0789,0,legitimate,"Hello team, the weekly project update is attached. Please review it before the meeting."
L0391,0,legitimate,Your package is ready for pickup at the collection desk during normal working hours.
L0897,0,legitimate,The maintenance team will inspect the office network on Wednesday. No action is required from you.
L0474,0,legitimate,"Hi Priya, could you please send the latest version of the report when convenient?"
L0674,0,legitimate,Reminder: your appointment with Admissions is scheduled for Tuesday at 4:00 PM.
P0008,1,phishing,You are eligible for an exclusive bonus. Click https://www.account-security-alert.com/verify to claim it before midnight.
L0128,0,legitimate,The maintenance team will inspect the office network on Thursday. No action is required from you.
P0165,1,phishing,Final notice: Your account will be closed unless you verify your password at https://www.account-security-alert.com/verify.
P0892,1,phishing,Important document: Please review and sign the attached form using https://www.secure-account-check.com/verify.
L0266,0,legitimate,"Hello team, the weekly project update is attached. Please review it before the meeting."
P1078,1,phishing,Urgent: Your banking account has been suspended. Verify your account immediately at https://www.secure-account-check.com/verify.
P0970,1,phishing,Important document: Please review and sign the attached form using https://www.reward-center-online.com/verify.
L0204,0,legitimate,The maintenance team will inspect the office network on Wednesday. No action is required from you.
P0297,1,phishing,You have won a free smartphone. Claim your reward now by visiting https://www.reward-center-online.com/verify.
L0269,0,legitimate,Your package is ready for pickup at the collection desk during normal working hours.
P0511,1,phishing,Important document: Please review and sign the attached form using https://www.account-security-alert.com/verify.
L1124,0,legitimate,Your package is ready for pickup at the collection desk during normal working hours.
P1057,1,phishing,Your tax refund is ready. Confirm your bank information at https://www.verify-login-now.net/verify.
P0049,1,phishing,Your employee benefits account requires verification. Sign in at https://www.billing-confirmation.net/verify.
L1175,0,legitimate,Your package is ready for pickup at the collection desk during normal working hours.
L0963,0,legitimate,"Hi Priya, the client meeting is scheduled for Tuesday at 3:30 PM. Please let me know if you can attend."
L0349,0,legitimate,"Hello team, the weekly project update is attached. Please review it before the meeting."
P1137,1,phishing,Your employee benefits account requires verification. Sign in at https://www.reward-center-online.com/verify.
L0397,0,legitimate,"Hello team, the weekly project update is attached. Please review it before the meeting."
P1172,1,phishing,Your tax refund is ready. Confirm your bank information at https://www.secure-account-check.com/verify.
P0181,1,phishing,Your mailbox is over its storage limit. Login now to prevent email deactivation: https://www.verify-login-now.net/verify.
L0783,0,legitimate,Your library book is due on Friday. You can renew it through the library portal.
P0229,1,phishing,Final notice: Your account will be closed unless you verify your password at https://www.secure-account-check.com/verify.
P1153,1,phishing,Your payment was declined. Update your billing information within 24 hours at https://www.reward-center-online.com/verify.
L0351,0,legitimate,"Hi Rahul, could you please send the latest version of the report when convenient?"
P0143,1,phishing,Your payment was declined. Update your billing information within 24 hours at https://www.billing-confirmation.net/verify.
L1160,0,legitimate,Thanks for your application. We will review your documents and contact you with the next steps.
P0613,1,phishing,Your mailbox is over its storage limit. Login now to prevent email deactivation: https://www.billing-confirmation.net/verify.
L0747,0,legitimate,Thank you for contacting support. We have created a ticket and will respond within two business days.
P0760,1,phishing,Your mailbox is over its storage limit. Login now to prevent email deactivation: https://www.reward-center-online.com/verify.
L0025,0,legitimate,The maintenance team will inspect the office network on Tuesday. No action is required from you.
P1052,1,phishing,Congratulations! You have been selected for a cash reward. Submit your details at https://www.secure-account-check.com/verify.
P0180,1,phishing,Your password expires today. Keep your account active by confirming it at https://www.secure-account-check.com/verify.
L0373,0,legitimate,Reminder: your appointment with Accounts is scheduled for Monday at 4:00 PM.
L0996,0,legitimate,"Hi everyone, today's training session will begin at 4:00 PM. The meeting link is in the calendar invitation."
P0975,1,phishing,Your tax refund is ready. Confirm your bank information at https://www.secure-account-check.com/verify.
P0195,1,phishing,You have won a free smartphone. Claim your reward now by visiting https://www.verify-login-now.net/verify.
P1034,1,phishing,Final notice: Your account will be closed unless you verify your password at https://www.billing-confirmation.net/verify.
P1086,1,phishing,Your employee benefits account requires verification. Sign in at https://www.account-security-alert.com/verify.
L0947,0,legitimate,"Hi Priya, could you please send the latest version of the report when convenient?"
L0872,0,legitimate,"Hi Ananya, could you please send the latest version of the report when convenient?"
P0633,1,phishing,Important document: Please review and sign the attached form using https://www.billing-confirmation.net/verify.
P0267,1,phishing,Security alert: We detected unusual activity on your cloud account. Confirm your identity using https://www.secure-account-check.com/verify.
P0179,1,phishing,Your tax refund is ready. Confirm your bank information at https://www.secure-account-check.com/verify.
P1183,1,phishing,Your tax refund is ready. Confirm your bank information at https://www.account-security-alert.com/verify.
P0819,1,phishing,"We noticed a login from a new device. If this was not you, secure your account at https://www.verify-login-now.net/verify."
L0944,0,legitimate,"Hi Meera, the weekly sync is scheduled for Thursday at 11:30 AM. Please let me know if you can attend."
P0671,1,phishing,Important document: Please review and sign the attached form using https://www.secure-account-check.com/verify.
L0416,0,legitimate,"Hi Rahul, could you please send the latest version of the report when convenient?"
P1171,1,phishing,Security alert: We detected unusual activity on your Microsoft account. Confirm your identity using https://www.verify-login-now.net/verify.
P0641,1,phishing,You are eligible for an exclusive bonus. Click https://www.secure-account-check.com/verify to claim it before midnight.
L0470,0,legitimate,The department has approved the leave request. Please check the HR portal for the updated balance.
L1015,0,legitimate,"Hi Priya, here are the notes from yesterday's discussion. Please share any corrections."
P0775,1,phishing,Your password expires today. Keep your account active by confirming it at https://www.reward-center-online.com/verify.
P0914,1,phishing,You have won a cash prize. Claim your reward now by visiting https://www.account-security-alert.com/verify.
L0621,0,legitimate,"Hi everyone, today's training session will begin at 11:30 AM. The meeting link is in the calendar invitation."
P0655,1,phishing,Action required: Your subscription payment failed. Reactivate it immediately at https://www.billing-confirmation.net/verify.
P0926,1,phishing,Important document: Please review and sign the attached form using https://www.secure-account-check.com/verify.
L0085,0,legitimate,Your package is ready for pickup at the collection desk during normal working hours.
L0685,0,legitimate,Reminder: your appointment with IT Support is scheduled for Friday at 4:00 PM.
L0120,0,legitimate,"Hi Akhila, the client meeting is scheduled for Monday at 2:00 PM. Please let me know if you can attend."
L0588,0,legitimate,Thank you for contacting support. We have created a ticket and will respond within two business days.
P0505,1,phishing,Action required: Your subscription payment failed. Reactivate it immediately at https://www.verify-login-now.net/verify.
L1182,0,legitimate,"Hi everyone, today's training session will begin at 10:00 AM. The meeting link is in the calendar invitation."
P0334,1,phishing,Your password expires today. Keep your account active by confirming it at https://www.billing-confirmation.net/verify.
L1041,0,legitimate,The finance team has shared the monthly expense report. Please review the figures before Friday.
P0009,1,phishing,Your payment was declined. Update your billing information within 24 hours at https://www.account-security-alert.com/verify.
L1108,0,legitimate,"Please find the meeting agenda attached. We will discuss milestones, risks, and next week's tasks."
P0372,1,phishing,Congratulations! You have been selected for a cash reward. Submit your details at https://www.verify-login-now.net/verify.
L0748,0,legitimate,"Hi Rahul, here are the notes from yesterday's discussion. Please share any corrections."
L0645,0,legitimate,"Hi Ananya, here are the notes from yesterday's discussion. Please share any corrections."
L0399,0,legitimate,Thank you for contacting support. We have created a ticket and will respond within two business days.
L0597,0,legitimate,"Hi Arjun, the client meeting is scheduled for Thursday at 3:30 PM. Please let me know if you can attend."
L0075,0,legitimate,"Please find the meeting agenda attached. We will discuss milestones, risks, and next week's tasks."
P0872,1,phishing,Urgent: Your PayPal account has been suspended. Verify your account immediately at https://www.reward-center-online.com/verify.
P0492,1,phishing,Your tax refund is ready. Confirm your bank information at https://www.billing-confirmation.net/verify.
P0637,1,phishing,Your tax refund is ready. Confirm your bank information at https://www.billing-confirmation.net/verify.
P0211,1,phishing,Security alert: We detected unusual activity on your Microsoft account. Confirm your identity using https://www.billing-confirmation.net/verify.
L0376,0,legitimate,"Please find the meeting agenda attached. We will discuss milestones, risks, and next week's tasks."
P0810,1,phishing,Action required: Your subscription payment failed. Reactivate it immediately at https://www.reward-center-online.com/verify.
P0142,1,phishing,Your password expires today. Keep your account active by confirming it at https://www.reward-center-online.com/verify.
L0220,0,legitimate,"Hi Akhila, here are the notes from yesterday's discussion. Please share any corrections."
L0460,0,legitimate,Your library book is due on Tuesday. You can renew it through the library portal.
L0394,0,legitimate,"Please find the meeting agenda attached. We will discuss milestones, risks, and next week's tasks."
P0457,1,phishing,You have won a $500 gift card. Claim your reward now by visiting https://www.verify-login-now.net/verify.
P1103,1,phishing,Security alert: We detected unusual activity on your cloud account. Confirm your identity using https://www.account-security-alert.com/verify.
P0002,1,phishing,You have won a $500 gift card. Claim your reward now by visiting https://www.verify-login-now.net/verify.
L0079,0,legitimate,"Hi everyone, today's training session will begin at 11:30 AM. The meeting link is in the calendar invitation."
L0388,0,legitimate,"Hello team, the weekly project update is attached. Please review it before the meeting."
L0272,0,legitimate,"Please find the meeting agenda attached. We will discuss milestones, risks, and next week's tasks."
L0098,0,legitimate,The maintenance team will inspect the office network on Thursday. No action is required from you.
P0778,1,phishing,Your password expires today. Keep your account active by confirming it at https://www.billing-confirmation.net/verify.
L0764,0,legitimate,The maintenance team will inspect the office network on Monday. No action is required from you.
P0530,1,phishing,Urgent: Your company account has been suspended. Verify your account immediately at https://www.secure-account-check.com/verify.
L0757,0,legitimate,"Hi Ananya, here are the notes from yesterday's discussion. Please share any corrections."
L0929,0,legitimate,Your library book is due on Thursday. You can renew it through the library portal.
L0949,0,legitimate,"Hi Sanjay, here are the notes from yesterday's discussion. Please share any corrections."
P0987,1,phishing,Your mailbox is over its storage limit. Login now to prevent email deactivation: https://www.account-security-alert.com/verify.
L0540,0,legitimate,"Hi everyone, today's training session will begin at 10:00 AM. The meeting link is in the calendar invitation."
L0286,0,legitimate,Your package is ready for pickup at the collection desk during normal working hours.
L0308,0,legitimate,The department has approved the leave request. Please check the HR portal for the updated balance.
L0447,0,legitimate,Your order has been shipped and is expected to arrive on Monday. You can track it from your account dashboard.
L0328,0,legitimate,Your package is ready for pickup at the collection desk during normal working hours.
P0665,1,phishing,Action required: Your subscription payment failed. Reactivate it immediately at https://www.billing-confirmation.net/verify.
L0071,0,legitimate,The department has approved the leave request. Please check the HR portal for the updated balance.
P1196,1,phishing,Your employee benefits account requires verification. Sign in at https://www.account-security-alert.com/verify.
L0260,0,legitimate,Your library book is due on Friday. You can renew it through the library portal.
L0334,0,legitimate,The department has approved the leave request. Please check the HR portal for the updated balance.
P0868,1,phishing,Your mailbox is over its storage limit. Login now to prevent email deactivation: https://www.account-security-alert.com/verify.
P0714,1,phishing,Your mailbox is over its storage limit. Login now to prevent email deactivation: https://www.reward-center-online.com/verify.
P0336,1,phishing,Your mailbox is over its storage limit. Login now to prevent email deactivation: https://www.secure-account-check.com/verify.
P0694,1,phishing,Security alert: We detected unusual activity on your Amazon account. Confirm your identity using https://www.verify-login-now.net/verify.
P0999,1,phishing,You are eligible for an exclusive bonus. Click https://www.reward-center-online.com/verify to claim it before midnight.
P0421,1,phishing,Action required: Your subscription payment failed. Reactivate it immediately at https://www.billing-confirmation.net/verify.
L0023,0,legitimate,Thanks for your application. We will review your documents and contact you with the next steps.
P0583,1,phishing,Your mailbox is over its storage limit. Login now to prevent email deactivation: https://www.billing-confirmation.net/verify.
P0227,1,phishing,Your password expires today. Keep your account active by confirming it at https://www.secure-account-check.com/verify.
L0902,0,legitimate,Reminder: your appointment with Accounts is scheduled for Thursday at 4:00 PM.
L0661,0,legitimate,Your library book is due on Monday. You can renew it through the library portal.
L0045,0,legitimate,Your package is ready for pickup at the collection desk during normal working hours.
L0466,0,legitimate,Your library book is due on Monday. You can renew it through the library portal.
P0982,1,phishing,Congratulations! You have been selected for a cash reward. Submit your details at https://www.reward-center-online.com/verify.
L0633,0,legitimate,"Hi Sanjay, here are the notes from yesterday's discussion. Please share any corrections."
L0140,0,legitimate,Reminder: your appointment with Admissions is scheduled for Thursday at 2:00 PM.
P0490,1,phishing,"You have won a $1,000 bonus. Claim your reward now by visiting https://www.verify-login-now.net/verify."
L0662,0,legitimate,Thank you for contacting support. We have created a ticket and will respond within two business days.
P0349,1,phishing,Action required: Your subscription payment failed. Reactivate it immediately at https://www.account-security-alert.com/verify.
P0293,1,phishing,Action required: Your subscription payment failed. Reactivate it immediately at https://www.verify-login-now.net/verify.
P1118,1,phishing,Your payment was declined. Update your billing information within 24 hours at https://www.verify-login-now.net/verify.
P0212,1,phishing,Security alert: We detected unusual activity on your banking account. Confirm your identity using https://www.verify-login-now.net/verify.
P0020,1,phishing,Action required: Your subscription payment failed. Reactivate it immediately at https://www.reward-center-online.com/verify.
P1003,1,phishing,Your password expires today. Keep your account active by confirming it at https://www.secure-account-check.com/verify.
P0463,1,phishing,You are eligible for an exclusive bonus. Click https://www.billing-confirmation.net/verify to claim it before midnight.
P0680,1,phishing,Final notice: Your account will be closed unless you verify your password at https://www.secure-account-check.com/verify.
L0629,0,legitimate,"Please find the meeting agenda attached. We will discuss milestones, risks, and next week's tasks."
L0717,0,legitimate,Your package is ready for pickup at the collection desk during normal working hours.
P0438,1,phishing,Urgent: Your Microsoft account has been suspended. Verify your account immediately at https://www.secure-account-check.com/verify.
L0865,0,legitimate,"Hello team, the weekly project update is attached. Please review it before the meeting."
P0383,1,phishing,Your mailbox is over its storage limit. Login now to prevent email deactivation: https://www.secure-account-check.com/verify.
L0561,0,legitimate,The maintenance team will inspect the office network on Thursday. No action is required from you.
P0315,1,phishing,"You have won a $1,000 bonus. Claim your reward now by visiting https://www.billing-confirmation.net/verify."
P0915,1,phishing,Your password expires today. Keep your account active by confirming it at https://www.verify-login-now.net/verify.
P1105,1,phishing,"You have won a $1,000 bonus. Claim your reward now by visiting https://www.billing-confirmation.net/verify."
L0516,0,legitimate,"Hi Kiran, the design review is scheduled for Friday at 3:30 PM. Please let me know if you can attend."
L0791,0,legitimate,"Hi Priya, here are the notes from yesterday's discussion. Please share any corrections."
L1178,0,legitimate,Thank you for contacting support. We have created a ticket and will respond within two business days.
P0033,1,phishing,Congratulations! You have been selected for a cash reward. Submit your details at https://www.reward-center-online.com/verify.
L0338,0,legitimate,"Hi everyone, today's training session will begin at 4:00 PM. The meeting link is in the calendar invitation."
P0919,1,phishing,You are eligible for an exclusive bonus. Click https://www.reward-center-online.com/verify to claim it before midnight.
P0022,1,phishing,Your employee benefits account requires verification. Sign in at https://www.account-security-alert.com/verify.
L1144,0,legitimate,Thank you for contacting support. We have created a ticket and will respond within two business days.
L0254,0,legitimate,The maintenance team will inspect the office network on Wednesday. No action is required from you.
L0134,0,legitimate,Thanks for your application. We will review your documents and contact you with the next steps.
P0190,1,phishing,Final notice: Your account will be closed unless you verify your password at https://www.reward-center-online.com/verify.
P0137,1,phishing,Important document: Please review and sign the attached form using https://www.billing-confirmation.net/verify.
L0538,0,legitimate,The finance team has shared the monthly expense report. Please review the figures before Friday.
P0188,1,phishing,Congratulations! You have been selected for a cash reward. Submit your details at https://www.verify-login-now.net/verify.
L0449,0,legitimate,"Hi Sanjay, here are the notes from yesterday's discussion. Please share any corrections."
P0029,1,phishing,Your mailbox is over its storage limit. Login now to prevent email deactivation: https://www.verify-login-now.net/verify.
P1152,1,phishing,"We noticed a login from a new device. If this was not you, secure your account at https://www.reward-center-online.com/verify."
L0289,0,legitimate,"Hello team, the weekly project update is attached. Please review it before the meeting."
L1153,0,legitimate,"Hello team, the weekly project update is attached. Please review it before the meeting."
P0268,1,phishing,"We noticed a login from a new device. If this was not you, secure your account at https://www.secure-account-check.com/verify."
P0828,1,phishing,Your employee benefits account requires verification. Sign in at https://www.reward-center-online.com/verify.
P0115,1,phishing,Action required: Your subscription payment failed. Reactivate it immediately at https://www.secure-account-check.com/verify.
L0961,0,legitimate,"Please find the meeting agenda attached. We will discuss milestones, risks, and next week's tasks."
L0127,0,legitimate,"Hi Akhila, could you please send the latest version of the report when convenient?"
L0068,0,legitimate,The finance team has shared the monthly expense report. Please review the figures before Friday.
P0907,1,phishing,"We noticed a login from a new device. If this was not you, secure your account at https://www.billing-confirmation.net/verify."
P0841,1,phishing,Security alert: We detected unusual activity on your company account. Confirm your identity using https://www.secure-account-check.com/verify.
P1046,1,phishing,Your password expires today. Keep your account active by confirming it at https://www.secure-account-check.com/verify.
P1149,1,phishing,Important document: Please review and sign the attached form using https://www.verify-login-now.net/verify.
L0908,0,legitimate,The department has approved the leave request. Please check the HR portal for the updated balance.
L0209,0,legitimate,Reminder: your appointment with Admissions is scheduled for Friday at 2:00 PM.
P0960,1,phishing,Final notice: Your account will be closed unless you verify your password at https://www.verify-login-now.net/verify.
L1025,0,legitimate,"Hello team, the weekly project update is attached. Please review it before the meeting."
P0736,1,phishing,Security alert: We detected unusual activity on your Amazon account. Confirm your identity using https://www.billing-confirmation.net/verify.
P0980,1,phishing,Security alert: We detected unusual activity on your company account. Confirm your identity using https://www.reward-center-online.com/verify.
P1127,1,phishing,You are eligible for an exclusive bonus. Click https://www.verify-login-now.net/verify to claim it before midnight.
L0742,0,legitimate,Thank you for contacting support. We have created a ticket and will respond within two business days.
P1045,1,phishing,Action required: Your subscription payment failed. Reactivate it immediately at https://www.verify-login-now.net/verify.
L0834,0,legitimate,Thanks for your application. We will review your documents and contact you with the next steps.
L0887,0,legitimate,Thank you for contacting support. We have created a ticket and will respond within two business days.
L0532,0,legitimate,The maintenance team will inspect the office network on Tuesday. No action is required from you.
L1176,0,legitimate,The maintenance team will inspect the office network on Tuesday. No action is required from you.
L0622,0,legitimate,"Hi Ananya, here are the notes from yesterday's discussion. Please share any corrections."
L0172,0,legitimate,"Hi Meera, the weekly sync is scheduled for Monday at 2:00 PM. Please let me know if you can attend."
L0014,0,legitimate,Your package is ready for pickup at the collection desk during normal working hours.
L0143,0,legitimate,Your package is ready for pickup at the collection desk during normal working hours.
P0612,1,phishing,"We noticed a login from a new device. If this was not you, secure your account at https://www.verify-login-now.net/verify."
P0545,1,phishing,Your employee benefits account requires verification. Sign in at https://www.billing-confirmation.net/verify.
L0400,0,legitimate,The department has approved the leave request. Please check the HR portal for the updated balance.
L0853,0,legitimate,Your package is ready for pickup at the collection desk during normal working hours.
L1092,0,legitimate,"Please find the meeting agenda attached. We will discuss milestones, risks, and next week's tasks."
L1104,0,legitimate,Your order has been shipped and is expected to arrive on Monday. You can track it from your account dashboard.
P0822,1,phishing,Your mailbox is over its storage limit. Login now to prevent email deactivation: https://www.verify-login-now.net/verify.
P0368,1,phishing,Your tax refund is ready. Confirm your bank information at https://www.secure-account-check.com/verify.
P0264,1,phishing,Your mailbox is over its storage limit. Login now to prevent email deactivation: https://www.billing-confirmation.net/verify.
L0337,0,legitimate,Your order has been shipped and is expected to arrive on Wednesday. You can track it from your account dashboard.
P0209,1,phishing,Congratulations! You have been selected for a cash reward. Submit your details at https://www.billing-confirmation.net/verify.
L0917,0,legitimate,Your order has been shipped and is expected to arrive on Friday. You can track it from your account dashboard.
L0193,0,legitimate,The department has approved the leave request. Please check the HR portal for the updated balance.
L0200,0,legitimate,"Hi Priya, could you please send the latest version of the report when convenient?"
L0100,0,legitimate,Reminder: your appointment with Accounts is scheduled for Monday at 11:30 AM.
P0523,1,phishing,Congratulations! You have been selected for a cash reward. Submit your details at https://www.account-security-alert.com/verify.
L1171,0,legitimate,The finance team has shared the monthly expense report. Please review the figures before Friday.
P0521,1,phishing,Your password expires today. Keep your account active by confirming it at https://www.reward-center-online.com/verify.
L0965,0,legitimate,The finance team has shared the monthly expense report. Please review the figures before Friday.
P0563,1,phishing,Action required: Your subscription payment failed. Reactivate it immediately at https://www.billing-confirmation.net/verify.
L0697,0,legitimate,"Hi Kiran, the client meeting is scheduled for Monday at 10:00 AM. Please let me know if you can attend."
L0020,0,legitimate,Thanks for your application. We will review your documents and contact you with the next steps.
L1057,0,legitimate,"Hi everyone, today's training session will begin at 4:00 PM. The meeting link is in the calendar invitation."
L0183,0,legitimate,Your package is ready for pickup at the collection desk during normal working hours.
P0431,1,phishing,You have won a $500 gift card. Claim your reward now by visiting https://www.account-security-alert.com/verify.
P1027,1,phishing,Your tax refund is ready. Confirm your bank information at https://www.secure-account-check.com/verify.
L0832,0,legitimate,"Hi Sanjay, the client meeting is scheduled for Tuesday at 2:00 PM. Please let me know if you can attend."
L0870,0,legitimate,Your package is ready for pickup at the collection desk during normal working hours.
P0972,1,phishing,"We noticed a login from a new device. If this was not you, secure your account at https://www.reward-center-online.com/verify."
P0465,1,phishing,Important document: Please review and sign the attached form using https://www.secure-account-check.com/verify.
P0619,1,phishing,Your tax refund is ready. Confirm your bank information at https://www.verify-login-now.net/verify.
L0926,0,legitimate,"Hi Arjun, could you please send the latest version of the report when convenient?"
P0730,1,phishing,Your employee benefits account requires verification. Sign in at https://www.verify-login-now.net/verify.
P1073,1,phishing,Important document: Please review and sign the attached form using https://www.billing-confirmation.net/verify.
L0682,0,legitimate,"Hello team, the weekly project update is attached. Please review it before the meeting."
L0185,0,legitimate,The maintenance team will inspect the office network on Monday. No action is required from you.
P0388,1,phishing,Important document: Please review and sign the attached form using https://www.verify-login-now.net/verify.
P0217,1,phishing,"We noticed a login from a new device. If this was not you, secure your account at https://www.reward-center-online.com/verify."
P0405,1,phishing,Your employee benefits account requires verification. Sign in at https://www.account-security-alert.com/verify.
L0846,0,legitimate,Thank you for contacting support. We have created a ticket and will respond within two business days.
P0743,1,phishing,You are eligible for an exclusive bonus. Click https://www.reward-center-online.com/verify to claim it before midnight.
P1080,1,phishing,Important document: Please review and sign the attached form using https://www.secure-account-check.com/verify.
P0789,1,phishing,Your payment was declined. Update your billing information within 24 hours at https://www.verify-login-now.net/verify.
P0412,1,phishing,Security alert: We detected unusual activity on your company account. Confirm your identity using https://www.reward-center-online.com/verify.
P0344,1,phishing,Your payment was declined. Update your billing information within 24 hours at https://www.secure-account-check.com/verify.
L0123,0,legitimate,Your package is ready for pickup at the collection desk during normal working hours.
P0083,1,phishing,Your mailbox is over its storage limit. Login now to prevent email deactivation: https://www.secure-account-check.com/verify.
L1136,0,legitimate,Your library book is due on Thursday. You can renew it through the library portal.
L0514,0,legitimate,Your library book is due on Thursday. You can renew it through the library portal.
P0747,1,phishing,"We noticed a login from a new device. If this was not you, secure your account at https://www.reward-center-online.com/verify."
L0304,0,legitimate,The department has approved the leave request. Please check the HR portal for the updated balance.
P0043,1,phishing,Urgent: Your PayPal account has been suspended. Verify your account immediately at https://www.reward-center-online.com/verify.
L0322,0,legitimate,"Hi Ananya, the weekly sync is scheduled for Tuesday at 4:00 PM. Please let me know if you can attend."
P1151,1,phishing,Your payment was declined. Update your billing information within 24 hours at https://www.billing-confirmation.net/verify.
P0918,1,phishing,Important document: Please review and sign the attached form using https://www.reward-center-online.com/verify.
P0792,1,phishing,Security alert: We detected unusual activity on your Microsoft account. Confirm your identity using https://www.billing-confirmation.net/verify.
L0488,0,legitimate,"Hi everyone, today's training session will begin at 4:00 PM. The meeting link is in the calendar invitation."
P0327,1,phishing,Action required: Your subscription payment failed. Reactivate it immediately at https://www.secure-account-check.com/verify.
L0871,0,legitimate,The maintenance team will inspect the office network on Thursday. No action is required from you.
P0557,1,phishing,Your mailbox is over its storage limit. Login now to prevent email deactivation: https://www.account-security-alert.com/verify.
L0156,0,legitimate,Your library book is due on Friday. You can renew it through the library portal.
L0580,0,legitimate,Your order has been shipped and is expected to arrive on Wednesday. You can track it from your account dashboard.
L1148,0,legitimate,"Hi Rahul, could you please send the latest version of the report when convenient?"
P0160,1,phishing,Your tax refund is ready. Confirm your bank information at https://www.billing-confirmation.net/verify.
L0594,0,legitimate,Reminder: your appointment with HR is scheduled for Wednesday at 2:00 PM.
P0078,1,phishing,Action required: Your subscription payment failed. Reactivate it immediately at https://www.reward-center-online.com/verify.
L0866,0,legitimate,"Please find the meeting agenda attached. We will discuss milestones, risks, and next week's tasks."
L0490,0,legitimate,Reminder: your appointment with IT Support is scheduled for Monday at 3:30 PM.
L0021,0,legitimate,Your library book is due on Tuesday. You can renew it through the library portal.
P0546,1,phishing,Final notice: Your account will be closed unless you verify your password at https://www.reward-center-online.com/verify.
P0048,1,phishing,Important document: Please review and sign the attached form using https://www.account-security-alert.com/verify.
P1007,1,phishing,Your employee benefits account requires verification. Sign in at https://www.secure-account-check.com/verify.
P0374,1,phishing,Your password expires today. Keep your account active by confirming it at https://www.secure-account-check.com/verify.
P0744,1,phishing,Your tax refund is ready. Confirm your bank information at https://www.account-security-alert.com/verify.
L0799,0,legitimate,The finance team has shared the monthly expense report. Please review the figures before Friday.
P0628,1,phishing,Action required: Your subscription payment failed. Reactivate it immediately at https://www.verify-login-now.net/verify.
L0239,0,legitimate,The department has approved the leave request. Please check the HR portal for the updated balance.
P0071,1,phishing,You are eligible for an exclusive bonus. Click https://www.verify-login-now.net/verify to claim it before midnight.
L1156,0,legitimate,"Please find the meeting agenda attached. We will discuss milestones, risks, and next week's tasks."
L1167,0,legitimate,The finance team has shared the monthly expense report. Please review the figures before Friday.
P1021,1,phishing,Your password expires today. Keep your account active by confirming it at https://www.reward-center-online.com/verify.
P0307,1,phishing,Your mailbox is over its storage limit. Login now to prevent email deactivation: https://www.secure-account-check.com/verify.
P0313,1,phishing,"We noticed a login from a new device. If this was not you, secure your account at https://www.billing-confirmation.net/verify."
P0961,1,phishing,Urgent: Your PayPal account has been suspended. Verify your account immediately at https://www.verify-login-now.net/verify.
P0656,1,phishing,Your employee benefits account requires verification. Sign in at https://www.account-security-alert.com/verify.
P0850,1,phishing,Urgent: Your cloud account has been suspended. Verify your account immediately at https://www.reward-center-online.com/verify.
L1060,0,legitimate,"Hi everyone, today's training session will begin at 11:30 AM. The meeting link is in the calendar invitation."
L0455,0,legitimate,"Hi Ananya, here are the notes from yesterday's discussion. Please share any corrections."
P0635,1,phishing,Important document: Please review and sign the attached form using https://www.verify-login-now.net/verify.
L0179,0,legitimate,"Hi everyone, today's training session will begin at 4:00 PM. The meeting link is in the calendar invitation."
L0672,0,legitimate,The department has approved the leave request. Please check the HR portal for the updated balance.
L0493,0,legitimate,Thanks for your application. We will review your documents and contact you with the next steps.
P0624,1,phishing,Congratulations! You have been selected for a cash reward. Submit your details at https://www.verify-login-now.net/verify.
L1095,0,legitimate,Thank you for contacting support. We have created a ticket and will respond within two business days.
P0925,1,phishing,Important document: Please review and sign the attached form using https://www.account-security-alert.com/verify.
P0543,1,phishing,Your tax refund is ready. Confirm your bank information at https://www.reward-center-online.com/verify.
P1016,1,phishing,Your payment was declined. Update your billing information within 24 hours at https://www.reward-center-online.com/verify.
L0997,0,legitimate,"Hi Priya, here are the notes from yesterday's discussion. Please share any corrections."
L0960,0,legitimate,Thanks for your application. We will review your documents and contact you with the next steps.
P0398,1,phishing,Your employee benefits account requires verification. Sign in at https://www.account-security-alert.com/verify.
L0954,0,legitimate,The finance team has shared the monthly expense report. Please review the figures before Friday.
L1017,0,legitimate,The maintenance team will inspect the office network on Monday. No action is required from you.
L0978,0,legitimate,Your order has been shipped and is expected to arrive on Friday. You can track it from your account dashboard.
P0862,1,phishing,Security alert: We detected unusual activity on your cloud account. Confirm your identity using https://www.secure-account-check.com/verify.
P0749,1,phishing,You are eligible for an exclusive bonus. Click https://www.verify-login-now.net/verify to claim it before midnight.
L0256,0,legitimate,The finance team has shared the monthly expense report. Please review the figures before Friday.
P0066,1,phishing,Your password expires today. Keep your account active by confirming it at https://www.secure-account-check.com/verify.
L0102,0,legitimate,"Hi Akhila, the design review is scheduled for Friday at 10:00 AM. Please let me know if you can attend."
L0077,0,legitimate,Your package is ready for pickup at the collection desk during normal working hours.
L0675,0,legitimate,"Hello team, the weekly project update is attached. Please review it before the meeting."
L0101,0,legitimate,The finance team has shared the monthly expense report. Please review the figures before Friday.
P0526,1,phishing,Your mailbox is over its storage limit. Login now to prevent email deactivation: https://www.secure-account-check.com/verify.
P0343,1,phishing,"We noticed a login from a new device. If this was not you, secure your account at https://www.account-security-alert.com/verify."
P0597,1,phishing,Your mailbox is over its storage limit. Login now to prevent email deactivation: https://www.reward-center-online.com/verify.
L0910,0,legitimate,"Please find the meeting agenda attached. We will discuss milestones, risks, and next week's tasks."
L1133,0,legitimate,The department has approved the leave request. Please check the HR portal for the updated balance.
P0352,1,phishing,Your mailbox is over its storage limit. Login now to prevent email deactivation: https://www.account-security-alert.com/verify.
P0796,1,phishing,Your password expires today. Keep your account active by confirming it at https://www.reward-center-online.com/verify.
P0847,1,phishing,Your mailbox is over its storage limit. Login now to prevent email deactivation: https://www.account-security-alert.com/verify.
L0637,0,legitimate,Your library book is due on Wednesday. You can renew it through the library portal.
P1157,1,phishing,Your tax refund is ready. Confirm your bank information at https://www.secure-account-check.com/verify.
L1103,0,legitimate,Thanks for your application. We will review your documents and contact you with the next steps.
P0245,1,phishing,You have won a shopping voucher. Claim your reward now by visiting https://www.reward-center-online.com/verify.
L1097,0,legitimate,"Hi everyone, today's training session will begin at 11:30 AM. The meeting link is in the calendar invitation."
P1059,1,phishing,Congratulations! You have been selected for a cash reward. Submit your details at https://www.billing-confirmation.net/verify.
P1090,1,phishing,Your password expires today. Keep your account active by confirming it at https://www.billing-confirmation.net/verify.
L0930,0,legitimate,"Hi Akhila, could you please send the latest version of the report when convenient?"
L0498,0,legitimate,"Hello team, the weekly project update is attached. Please review it before the meeting."
P0126,1,phishing,Your password expires today. Keep your account active by confirming it at https://www.account-security-alert.com/verify.
P0675,1,phishing,"We noticed a login from a new device. If this was not you, secure your account at https://www.reward-center-online.com/verify."
L0212,0,legitimate,"Hi everyone, today's training session will begin at 3:30 PM. The meeting link is in the calendar invitation."
L0262,0,legitimate,The maintenance team will inspect the office network on Friday. No action is required from you.
P1094,1,phishing,Your payment was declined. Update your billing information within 24 hours at https://www.account-security-alert.com/verify.
P1147,1,phishing,Urgent: Your banking account has been suspended. Verify your account immediately at https://www.account-security-alert.com/verify.
P0042,1,phishing,Security alert: We detected unusual activity on your Office 365 account. Confirm your identity using https://www.account-security-alert.com/verify.
L0419,0,legitimate,Your library book is due on Friday. You can renew it through the library portal.
L1170,0,legitimate,Thank you for contacting support. We have created a ticket and will respond within two business days.
L0324,0,legitimate,"Hello team, the weekly project update is attached. Please review it before the meeting."
P0943,1,phishing,Important document: Please review and sign the attached form using https://www.secure-account-check.com/verify.
L0354,0,legitimate,Your order has been shipped and is expected to arrive on Thursday. You can track it from your account dashboard.
L0502,0,legitimate,Thanks for your application. We will review your documents and contact you with the next steps.
L0291,0,legitimate,The finance team has shared the monthly expense report. Please review the figures before Friday.
P1000,1,phishing,Your password expires today. Keep your account active by confirming it at https://www.reward-center-online.com/verify.
P0598,1,phishing,Important document: Please review and sign the attached form using https://www.verify-login-now.net/verify.
L0557,0,legitimate,The department has approved the leave request. Please check the HR portal for the updated balance.
L0964,0,legitimate,"Hi Meera, here are the notes from yesterday's discussion. Please share any corrections."
L0135,0,legitimate,The maintenance team will inspect the office network on Monday. No action is required from you.
L0083,0,legitimate,The finance team has shared the monthly expense report. Please review the figures before Friday.
L1008,0,legitimate,"Please find the meeting agenda attached. We will discuss milestones, risks, and next week's tasks."
L0860,0,legitimate,Thanks for your application. We will review your documents and contact you with the next steps.
P0028,1,phishing,Final notice: Your account will be closed unless you verify your password at https://www.reward-center-online.com/verify.
L0723,0,legitimate,"Hi Meera, the design review is scheduled for Friday at 11:30 AM. Please let me know if you can attend."
L0901,0,legitimate,Reminder: your appointment with IT Support is scheduled for Wednesday at 4:00 PM.
L0234,0,legitimate,"Hi everyone, today's training session will begin at 4:00 PM. The meeting link is in the calendar invitation."
P0469,1,phishing,Congratulations! You have been selected for a cash reward. Submit your details at https://www.verify-login-now.net/verify.
L0022,0,legitimate,Your library book is due on Tuesday. You can renew it through the library portal.
L0374,0,legitimate,Thanks for your application. We will review your documents and contact you with the next steps.
L0471,0,legitimate,"Hi Kiran, here are the notes from yesterday's discussion. Please share any corrections."
P0269,1,phishing,Important document: Please review and sign the attached form using https://www.account-security-alert.com/verify.
L0606,0,legitimate,Your order has been shipped and is expected to arrive on Wednesday. You can track it from your account dashboard.
P0306,1,phishing,Congratulations! You have been selected for a cash reward. Submit your details at https://www.reward-center-online.com/verify.
L0794,0,legitimate,"Hi everyone, today's training session will begin at 4:00 PM. The meeting link is in the calendar invitation."
L0422,0,legitimate,Reminder: your appointment with Accounts is scheduled for Tuesday at 3:30 PM.
P1037,1,phishing,Your mailbox is over its storage limit. Login now to prevent email deactivation: https://www.account-security-alert.com/verify.
P0442,1,phishing,You have won a shopping voucher. Claim your reward now by visiting https://www.reward-center-online.com/verify.
P0878,1,phishing,Important document: Please review and sign the attached form using https://www.account-security-alert.com/verify.
P1033,1,phishing,Final notice: Your account will be closed unless you verify your password at https://www.reward-center-online.com/verify.
P0879,1,phishing,Congratulations! You have been selected for a cash reward. Submit your details at https://www.verify-login-now.net/verify.
P0296,1,phishing,Final notice: Your account will be closed unless you verify your password at https://www.billing-confirmation.net/verify.
L1169,0,legitimate,Your package is ready for pickup at the collection desk during normal working hours.
L0461,0,legitimate,Reminder: your appointment with Accounts is scheduled for Tuesday at 2:00 PM.
P1143,1,phishing,Important document: Please review and sign the attached form using https://www.account-security-alert.com/verify.
P0520,1,phishing,"We noticed a login from a new device. If this was not you, secure your account at https://www.verify-login-now.net/verify."
L1039,0,legitimate,Reminder: your appointment with IT Support is scheduled for Tuesday at 3:30 PM.
L0358,0,legitimate,The maintenance team will inspect the office network on Friday. No action is required from you.
P0391,1,phishing,Security alert: We detected unusual activity on your cloud account. Confirm your identity using https://www.billing-confirmation.net/verify.
P0553,1,phishing,Important document: Please review and sign the attached form using https://www.secure-account-check.com/verify.
P0927,1,phishing,Your payment was declined. Update your billing information within 24 hours at https://www.secure-account-check.com/verify.
L0469,0,legitimate,Your package is ready for pickup at the collection desk during normal working hours.
L0749,0,legitimate,The maintenance team will inspect the office network on Thursday. No action is required from you.
P0348,1,phishing,Your mailbox is over its storage limit. Login now to prevent email deactivation: https://www.secure-account-check.com/verify.
L0086,0,legitimate,Reminder: your appointment with IT Support is scheduled for Monday at 11:30 AM.
P0660,1,phishing,Your employee benefits account requires verification. Sign in at https://www.reward-center-online.com/verify.
L1080,0,legitimate,The department has approved the leave request. Please check the HR portal for the updated balance.
P0192,1,phishing,You are eligible for an exclusive bonus. Click https://www.billing-confirmation.net/verify to claim it before midnight.
P0371,1,phishing,Final notice: Your account will be closed unless you verify your password at https://www.secure-account-check.com/verify.
P0716,1,phishing,Congratulations! You have been selected for a cash reward. Submit your details at https://www.verify-login-now.net/verify.
P0826,1,phishing,Your employee benefits account requires verification. Sign in at https://www.verify-login-now.net/verify.
L0001,0,legitimate,"Hi everyone, today's training session will begin at 2:00 PM. The meeting link is in the calendar invitation."
L0939,0,legitimate,Your package is ready for pickup at the collection desk during normal working hours.
L0702,0,legitimate,The finance team has shared the monthly expense report. Please review the figures before Friday.
P0957,1,phishing,You have won a shopping voucher. Claim your reward now by visiting https://www.secure-account-check.com/verify.
P0356,1,phishing,Your mailbox is over its storage limit. Login now to prevent email deactivation: https://www.secure-account-check.com/verify.
P0295,1,phishing,Urgent: Your Office 365 account has been suspended. Verify your account immediately at https://www.verify-login-now.net/verify.
P0808,1,phishing,Your employee benefits account requires verification. Sign in at https://www.secure-account-check.com/verify.
L0670,0,legitimate,The finance team has shared the monthly expense report. Please review the figures before Friday.
L0875,0,legitimate,The finance team has shared the monthly expense report. Please review the figures before Friday.
L1102,0,legitimate,"Please find the meeting agenda attached. We will discuss milestones, risks, and next week's tasks."
L0276,0,legitimate,Thank you for contacting support. We have created a ticket and will respond within two business days.
P0012,1,phishing,Important document: Please review and sign the attached form using https://www.billing-confirmation.net/verify.
P0938,1,phishing,Congratulations! You have been selected for a cash reward. Submit your details at https://www.account-security-alert.com/verify.
P0445,1,phishing,You have won a shopping voucher. Claim your reward now by visiting https://www.account-security-alert.com/verify.
L0311,0,legitimate,Reminder: your appointment with IT Support is scheduled for Thursday at 4:00 PM.
P0468,1,phishing,Security alert: We detected unusual activity on your Office 365 account. Confirm your identity using https://www.account-security-alert.com/verify.
P0541,1,phishing,Your mailbox is over its storage limit. Login now to prevent email deactivation: https://www.billing-confirmation.net/verify.
L0096,0,legitimate,Thank you for contacting support. We have created a ticket and will respond within two business days.
L0280,0,legitimate,"Hello team, the weekly project update is attached. Please review it before the meeting."
L0112,0,legitimate,"Hi Ananya, the design review is scheduled for Wednesday at 10:00 AM. Please let me know if you can attend."
P0052,1,phishing,Your tax refund is ready. Confirm your bank information at https://www.reward-center-online.com/verify.
P0691,1,phishing,You have won a shopping voucher. Claim your reward now by visiting https://www.reward-center-online.com/verify.
P0998,1,phishing,You have won a shopping voucher. Claim your reward now by visiting https://www.verify-login-now.net/verify.
L0420,0,legitimate,"Hi everyone, today's training session will begin at 3:30 PM. The meeting link is in the calendar invitation."
P1175,1,phishing,Urgent: Your cloud account has been suspended. Verify your account immediately at https://www.account-security-alert.com/verify.
P0974,1,phishing,Your password expires today. Keep your account active by confirming it at https://www.reward-center-online.com/verify.
L0995,0,legitimate,Thank you for contacting support. We have created a ticket and will respond within two business days.
L1065,0,legitimate,"Please find the meeting agenda attached. We will discuss milestones, risks, and next week's tasks."
L0617,0,legitimate,The department has approved the leave request. Please check the HR portal for the updated balance.
P0639,1,phishing,Final notice: Your account will be closed unless you verify your password at https://www.account-security-alert.com/verify.
P0323,1,phishing,Important document: Please review and sign the attached form using https://www.reward-center-online.com/verify.
L0527,0,legitimate,"Hi everyone, today's training session will begin at 4:00 PM. The meeting link is in the calendar invitation."
P0977,1,phishing,Your payment was declined. Update your billing information within 24 hours at https://www.billing-confirmation.net/verify.
P0610,1,phishing,Your mailbox is over its storage limit. Login now to prevent email deactivation: https://www.reward-center-online.com/verify.
P0587,1,phishing,Your mailbox is over its storage limit. Login now to prevent email deactivation: https://www.billing-confirmation.net/verify.
P0805,1,phishing,Security alert: We detected unusual activity on your Office 365 account. Confirm your identity using https://www.account-security-alert.com/verify.
L0854,0,legitimate,Reminder: your appointment with HR is scheduled for Monday at 3:30 PM.
P0194,1,phishing,Congratulations! You have been selected for a cash reward. Submit your details at https://www.secure-account-check.com/verify.
L1193,0,legitimate,"Hi Akhila, the team meeting is scheduled for Monday at 10:00 AM. Please let me know if you can attend."
P1070,1,phishing,Final notice: Your account will be closed unless you verify your password at https://www.secure-account-check.com/verify.
P0829,1,phishing,Your mailbox is over its storage limit. Login now to prevent email deactivation: https://www.verify-login-now.net/verify.
L0524,0,legitimate,Your library book is due on Friday. You can renew it through the library portal.
P0479,1,phishing,Your tax refund is ready. Confirm your bank information at https://www.billing-confirmation.net/verify.
L1059,0,legitimate,Reminder: your appointment with IT Support is scheduled for Wednesday at 3:30 PM.
L0063,0,legitimate,"Please find the meeting agenda attached. We will discuss milestones, risks, and next week's tasks."
P0935,1,phishing,You are eligible for an exclusive bonus. Click https://www.reward-center-online.com/verify to claim it before midnight.
P0582,1,phishing,Congratulations! You have been selected for a cash reward. Submit your details at https://www.verify-login-now.net/verify.
P0338,1,phishing,Your tax refund is ready. Confirm your bank information at https://www.billing-confirmation.net/verify.
P1185,1,phishing,"We noticed a login from a new device. If this was not you, secure your account at https://www.secure-account-check.com/verify."
P1072,1,phishing,Your tax refund is ready. Confirm your bank information at https://www.account-security-alert.com/verify.
P0845,1,phishing,Your tax refund is ready. Confirm your bank information at https://www.verify-login-now.net/verify.
P1135,1,phishing,Your tax refund is ready. Confirm your bank information at https://www.secure-account-check.com/verify.
P0134,1,phishing,Congratulations! You have been selected for a cash reward. Submit your details at https://www.billing-confirmation.net/verify.
P0240,1,phishing,"We noticed a login from a new device. If this was not you, secure your account at https://www.account-security-alert.com/verify."
L0250,0,legitimate,"Hi Ananya, here are the notes from yesterday's discussion. Please share any corrections."
P0133,1,phishing,Your payment was declined. Update your billing information within 24 hours at https://www.secure-account-check.com/verify.
P0839,1,phishing,"We noticed a login from a new device. If this was not you, secure your account at https://www.account-security-alert.com/verify."
P0396,1,phishing,Action required: Your subscription payment failed. Reactivate it immediately at https://www.billing-confirmation.net/verify.
L0727,0,legitimate,Reminder: your appointment with Student Services is scheduled for Tuesday at 4:00 PM.
L0579,0,legitimate,"Hi Priya, the design review is scheduled for Wednesday at 2:00 PM. Please let me know if you can attend."
P1115,1,phishing,Security alert: We detected unusual activity on your Microsoft account. Confirm your identity using https://www.verify-login-now.net/verify.
L0894,0,legitimate,"Hi Priya, here are the notes from yesterday's discussion. Please share any corrections."
L0104,0,legitimate,"Hi Meera, could you please send the latest version of the report when convenient?"
L0612,0,legitimate,"Please find the meeting agenda attached. We will discuss milestones, risks, and next week's tasks."
L0779,0,legitimate,The maintenance team will inspect the office network on Tuesday. No action is required from you.
L0350,0,legitimate,The maintenance team will inspect the office network on Tuesday. No action is required from you.
P0748,1,phishing,Congratulations! You have been selected for a cash reward. Submit your details at https://www.billing-confirmation.net/verify.
L0619,0,legitimate,The department has approved the leave request. Please check the HR portal for the updated balance.
L0593,0,legitimate,Thanks for your application. We will review your documents and contact you with the next steps.
P1197,1,phishing,Final notice: Your account will be closed unless you verify your password at https://www.verify-login-now.net/verify.
P0618,1,phishing,Final notice: Your account will be closed unless you verify your password at https://www.reward-center-online.com/verify.
L0392,0,legitimate,"Hi Sanjay, here are the notes from yesterday's discussion. Please share any corrections."
P0416,1,phishing,Final notice: Your account will be closed unless you verify your password at https://www.reward-center-online.com/verify.
L0573,0,legitimate,"Hi Kiran, the client meeting is scheduled for Thursday at 2:00 PM. Please let me know if you can attend."
L0816,0,legitimate,The department has approved the leave request. Please check the HR portal for the updated balance.
P0848,1,phishing,Security alert: We detected unusual activity on your Amazon account. Confirm your identity using https://www.reward-center-online.com/verify.
P1049,1,phishing,Important document: Please review and sign the attached form using https://www.reward-center-online.com/verify.
L0097,0,legitimate,"Hi Kiran, could you please send the latest version of the report when convenient?"
P0739,1,phishing,Congratulations! You have been selected for a cash reward. Submit your details at https://www.billing-confirmation.net/verify.
L0173,0,legitimate,Thank you for contacting support. We have created a ticket and will respond within two business days.
L0836,0,legitimate,The department has approved the leave request. Please check the HR portal for the updated balance.
L0809,0,legitimate,"Hi Rahul, here are the notes from yesterday's discussion. Please share any corrections."
L0842,0,legitimate,"Hello team, the weekly project update is attached. Please review it before the meeting."
P1113,1,phishing,Your password expires today. Keep your account active by confirming it at https://www.verify-login-now.net/verify.
P0990,1,phishing,"We noticed a login from a new device. If this was not you, secure your account at https://www.reward-center-online.com/verify."
L0267,0,legitimate,Your library book is due on Friday. You can renew it through the library portal.
L0558,0,legitimate,Your order has been shipped and is expected to arrive on Wednesday. You can track it from your account dashboard.
P0461,1,phishing,Your password expires today. Keep your account active by confirming it at https://www.account-security-alert.com/verify.
L0572,0,legitimate,"Hi Meera, here are the notes from yesterday's discussion. Please share any corrections."
P0373,1,phishing,"We noticed a login from a new device. If this was not you, secure your account at https://www.reward-center-online.com/verify."
P0941,1,phishing,Urgent: Your Amazon account has been suspended. Verify your account immediately at https://www.verify-login-now.net/verify.
P0729,1,phishing,Your employee benefits account requires verification. Sign in at https://www.secure-account-check.com/verify.
P0095,1,phishing,Urgent: Your Office 365 account has been suspended. Verify your account immediately at https://www.verify-login-now.net/verify.
L0551,0,legitimate,The department has approved the leave request. Please check the HR portal for the updated balance.
L0542,0,legitimate,"Hello team, the weekly project update is attached. Please review it before the meeting."
L1143,0,legitimate,Reminder: your appointment with Accounts is scheduled for Friday at 3:30 PM.
P0303,1,phishing,Final notice: Your account will be closed unless you verify your password at https://www.billing-confirmation.net/verify.
L0595,0,legitimate,"Hi Rahul, here are the notes from yesterday's discussion. Please share any corrections."
P0969,1,phishing,Your payment was declined. Update your billing information within 24 hours at https://www.secure-account-check.com/verify.
P0623,1,phishing,Security alert: We detected unusual activity on your Microsoft account. Confirm your identity using https://www.reward-center-online.com/verify.
P0949,1,phishing,Your mailbox is over its storage limit. Login now to prevent email deactivation: https://www.secure-account-check.com/verify.
P0745,1,phishing,"We noticed a login from a new device. If this was not you, secure your account at https://www.verify-login-now.net/verify."
L0705,0,legitimate,"Hello team, the weekly project update is attached. Please review it before the meeting."
L0569,0,legitimate,Your order has been shipped and is expected to arrive on Thursday. You can track it from your account dashboard.
L0517,0,legitimate,Thank you for contacting support. We have created a ticket and will respond within two business days.
P0931,1,phishing,Your payment was declined. Update your billing information within 24 hours at https://www.billing-confirmation.net/verify.
L0752,0,legitimate,Your order has been shipped and is expected to arrive on Thursday. You can track it from your account dashboard.
L0013,0,legitimate,Reminder: your appointment with Accounts is scheduled for Wednesday at 10:00 AM.
P0389,1,phishing,Congratulations! You have been selected for a cash reward. Submit your details at https://www.reward-center-online.com/verify.
P0055,1,phishing,Your tax refund is ready. Confirm your bank information at https://www.account-security-alert.com/verify.
P0697,1,phishing,Final notice: Your account will be closed unless you verify your password at https://www.account-security-alert.com/verify.
P0136,1,phishing,"We noticed a login from a new device. If this was not you, secure your account at https://www.verify-login-now.net/verify."
L0555,0,legitimate,"Hi Sanjay, the client meeting is scheduled for Wednesday at 2:00 PM. Please let me know if you can attend."
L1070,0,legitimate,Reminder: your appointment with HR is scheduled for Monday at 11:30 AM.
L0992,0,legitimate,"Hi everyone, today's training session will begin at 4:00 PM. The meeting link is in the calendar invitation."
P0985,1,phishing,Action required: Your subscription payment failed. Reactivate it immediately at https://www.secure-account-check.com/verify.
L0484,0,legitimate,The finance team has shared the monthly expense report. Please review the figures before Friday.
P0734,1,phishing,"We noticed a login from a new device. If this was not you, secure your account at https://www.reward-center-online.com/verify."
L0893,0,legitimate,The department has approved the leave request. Please check the HR portal for the updated balance.
P0638,1,phishing,Your tax refund is ready. Confirm your bank information at https://www.billing-confirmation.net/verify.
L0003,0,legitimate,Thanks for your application. We will review your documents and contact you with the next steps.
L0609,0,legitimate,The finance team has shared the monthly expense report. Please review the figures before Friday.
L0480,0,legitimate,The department has approved the leave request. Please check the HR portal for the updated balance.
P0191,1,phishing,Your tax refund is ready. Confirm your bank information at https://www.secure-account-check.com/verify.
L0935,0,legitimate,The finance team has shared the monthly expense report. Please review the figures before Friday.
P0187,1,phishing,Your employee benefits account requires verification. Sign in at https://www.account-security-alert.com/verify.
L0057,0,legitimate,Thanks for your application. We will review your documents and contact you with the next steps.
L0258,0,legitimate,Reminder: your appointment with IT Support is scheduled for Wednesday at 3:30 PM.
L0347,0,legitimate,Reminder: your appointment with IT Support is scheduled for Monday at 3:30 PM.
P1101,1,phishing,Your password expires today. Keep your account active by confirming it at https://www.secure-account-check.com/verify.
P0089,1,phishing,Your employee benefits account requires verification. Sign in at https://www.verify-login-now.net/verify.
P0648,1,phishing,Congratulations! You have been selected for a cash reward. Submit your details at https://www.account-security-alert.com/verify.
L0833,0,legitimate,"Hi Rahul, could you please send the latest version of the report when convenient?"
P1024,1,phishing,Congratulations! You have been selected for a cash reward. Submit your details at https://www.account-security-alert.com/verify.
P0360,1,phishing,Congratulations! You have been selected for a cash reward. Submit your details at https://www.verify-login-now.net/verify.
L0671,0,legitimate,Thanks for your application. We will review your documents and contact you with the next steps.
P0870,1,phishing,You have won a shopping voucher. Claim your reward now by visiting https://www.billing-confirmation.net/verify.
P0004,1,phishing,Urgent: Your banking account has been suspended. Verify your account immediately at https://www.secure-account-check.com/verify.
L0323,0,legitimate,The maintenance team will inspect the office network on Monday. No action is required from you.
P0420,1,phishing,"We noticed a login from a new device. If this was not you, secure your account at https://www.verify-login-now.net/verify."
L0656,0,legitimate,"Hi Meera, the weekly sync is scheduled for Friday at 11:30 AM. Please let me know if you can attend."
L0582,0,legitimate,The department has approved the leave request. Please check the HR portal for the updated balance.
L0105,0,legitimate,The department has approved the leave request. Please check the HR portal for the updated balance.
P0046,1,phishing,Your tax refund is ready. Confirm your bank information at https://www.account-security-alert.com/verify.
L0998,0,legitimate,"Hi Arjun, here are the notes from yesterday's discussion. Please share any corrections."
L1013,0,legitimate,"Hi Arjun, the client meeting is scheduled for Thursday at 10:00 AM. Please let me know if you can attend."
P0887,1,phishing,Security alert: We detected unusual activity on your PayPal account. Confirm your identity using https://www.account-security-alert.com/verify.
P0274,1,phishing,"We noticed a login from a new device. If this was not you, secure your account at https://www.secure-account-check.com/verify."
P1144,1,phishing,Security alert: We detected unusual activity on your PayPal account. Confirm your identity using https://www.reward-center-online.com/verify.
P1009,1,phishing,Your payment was declined. Update your billing information within 24 hours at https://www.reward-center-online.com/verify.
P0955,1,phishing,You have won a cash prize. Claim your reward now by visiting https://www.billing-confirmation.net/verify.
L0707,0,legitimate,"Hi Akhila, the design review is scheduled for Friday at 2:00 PM. Please let me know if you can attend."
P0962,1,phishing,Security alert: We detected unusual activity on your cloud account. Confirm your identity using https://www.secure-account-check.com/verify.
L1173,0,legitimate,Your order has been shipped and is expected to arrive on Friday. You can track it from your account dashboard.
P0867,1,phishing,"We noticed a login from a new device. If this was not you, secure your account at https://www.verify-login-now.net/verify."
L0601,0,legitimate,"Please find the meeting agenda attached. We will discuss milestones, risks, and next week's tasks."
L0248,0,legitimate,Thank you for contacting support. We have created a ticket and will respond within two business days.
L1168,0,legitimate,The finance team has shared the monthly expense report. Please review the figures before Friday.
L1087,0,legitimate,Your order has been shipped and is expected to arrive on Wednesday. You can track it from your account dashboard.
L0704,0,legitimate,"Hi Priya, could you please send the latest version of the report when convenient?"
L1116,0,legitimate,"Hello team, the weekly project update is attached. Please review it before the meeting."
P0923,1,phishing,You have won a shopping voucher. Claim your reward now by visiting https://www.reward-center-online.com/verify.
L0302,0,legitimate,Thank you for contacting support. We have created a ticket and will respond within two business days.
P1065,1,phishing,Important document: Please review and sign the attached form using https://www.reward-center-online.com/verify.
P0558,1,phishing,Congratulations! You have been selected for a cash reward. Submit your details at https://www.verify-login-now.net/verify.
P0100,1,phishing,Your payment was declined. Update your billing information within 24 hours at https://www.verify-login-now.net/verify.
L0966,0,legitimate,Your library book is due on Thursday. You can renew it through the library portal.
L0182,0,legitimate,Thanks for your application. We will review your documents and contact you with the next steps.
L1117,0,legitimate,Your order has been shipped and is expected to arrive on Friday. You can track it from your account dashboard.
L0805,0,legitimate,Reminder: your appointment with Accounts is scheduled for Thursday at 2:00 PM.
L0356,0,legitimate,Your library book is due on Thursday. You can renew it through the library portal.
P0430,1,phishing,Your tax refund is ready. Confirm your bank information at https://www.billing-confirmation.net/verify.
L1030,0,legitimate,Thanks for your application. We will review your documents and contact you with the next steps.
L0487,0,legitimate,"Hello team, the weekly project update is attached. Please review it before the meeting."
L0625,0,legitimate,The department has approved the leave request. Please check the HR portal for the updated balance.
L0218,0,legitimate,Thank you for contacting support. We have created a ticket and will respond within two business days.
P0030,1,phishing,Congratulations! You have been selected for a cash reward. Submit your details at https://www.secure-account-check.com/verify.
L0589,0,legitimate,Reminder: your appointment with HR is scheduled for Tuesday at 3:30 PM.
P0821,1,phishing,You are eligible for an exclusive bonus. Click https://www.account-security-alert.com/verify to claim it before midnight.
L0478,0,legitimate,"Hi Arjun, could you please send the latest version of the report when convenient?"
L0238,0,legitimate,Reminder: your appointment with Accounts is scheduled for Wednesday at 10:00 AM.
P0704,1,phishing,You are eligible for an exclusive bonus. Click https://www.reward-center-online.com/verify to claim it before midnight.
P1159,1,phishing,Security alert: We detected unusual activity on your Google account. Confirm your identity using https://www.billing-confirmation.net/verify.
P0503,1,phishing,Your employee benefits account requires verification. Sign in at https://www.verify-login-now.net/verify.
L0969,0,legitimate,Thank you for contacting support. We have created a ticket and will respond within two business days.
L0780,0,legitimate,The department has approved the leave request. Please check the HR portal for the updated balance.
L0088,0,legitimate,Your order has been shipped and is expected to arrive on Friday. You can track it from your account dashboard.
L0652,0,legitimate,"Hi Rahul, here are the notes from yesterday's discussion. Please share any corrections."
P0059,1,phishing,Your mailbox is over its storage limit. Login now to prevent email deactivation: https://www.billing-confirmation.net/verify.
P0946,1,phishing,Your tax refund is ready. Confirm your bank information at https://www.secure-account-check.com/verify.
P0626,1,phishing,You have won a cash prize. Claim your reward now by visiting https://www.verify-login-now.net/verify.
L1024,0,legitimate,Your order has been shipped and is expected to arrive on Wednesday. You can track it from your account dashboard.
P1008,1,phishing,Your mailbox is over its storage limit. Login now to prevent email deactivation: https://www.reward-center-online.com/verify.
P0491,1,phishing,You have won a free smartphone. Claim your reward now by visiting https://www.secure-account-check.com/verify.
L0703,0,legitimate,"Please find the meeting agenda attached. We will discuss milestones, risks, and next week's tasks."
P1054,1,phishing,Your mailbox is over its storage limit. Login now to prevent email deactivation: https://www.secure-account-check.com/verify.
P0280,1,phishing,Your password expires today. Keep your account active by confirming it at https://www.reward-center-online.com/verify.
L0575,0,legitimate,The finance team has shared the monthly expense report. Please review the figures before Friday.
P0983,1,phishing,Your tax refund is ready. Confirm your bank information at https://www.secure-account-check.com/verify.
L0574,0,legitimate,The maintenance team will inspect the office network on Wednesday. No action is required from you.
L0437,0,legitimate,"Hi Kiran, the team meeting is scheduled for Thursday at 2:00 PM. Please let me know if you can attend."
L0232,0,legitimate,Your order has been shipped and is expected to arrive on Tuesday. You can track it from your account dashboard.
L0180,0,legitimate,"Hi Arjun, here are the notes from yesterday's discussion. Please share any corrections."
P0337,1,phishing,Final notice: Your account will be closed unless you verify your password at https://www.billing-confirmation.net/verify.
P0318,1,phishing,Final notice: Your account will be closed unless you verify your password at https://www.secure-account-check.com/verify.
L0845,0,legitimate,"Please find the meeting agenda attached. We will discuss milestones, risks, and next week's tasks."
P0877,1,phishing,You have won a free smartphone. Claim your reward now by visiting https://www.account-security-alert.com/verify.
P0200,1,phishing,You are eligible for an exclusive bonus. Click https://www.account-security-alert.com/verify to claim it before midnight.
L0396,0,legitimate,Reminder: your appointment with Accounts is scheduled for Monday at 2:00 PM.
L0946,0,legitimate,Your library book is due on Monday. You can renew it through the library portal.
L0274,0,legitimate,Your order has been shipped and is expected to arrive on Wednesday. You can track it from your account dashboard.
P0201,1,phishing,You are eligible for an exclusive bonus. Click https://www.verify-login-now.net/verify to claim it before midnight.
L0738,0,legitimate,The department has approved the leave request. Please check the HR portal for the updated balance.
P0769,1,phishing,"We noticed a login from a new device. If this was not you, secure your account at https://www.billing-confirmation.net/verify."
P1125,1,phishing,Your tax refund is ready. Confirm your bank information at https://www.reward-center-online.com/verify.
P0924,1,phishing,Urgent: Your Office 365 account has been suspended. Verify your account immediately at https://www.reward-center-online.com/verify.
P0196,1,phishing,Your employee benefits account requires verification. Sign in at https://www.billing-confirmation.net/verify.
L0554,0,legitimate,"Hi Akhila, here are the notes from yesterday's discussion. Please share any corrections."
L1186,0,legitimate,"Please find the meeting agenda attached. We will discuss milestones, risks, and next week's tasks."
P0219,1,phishing,Final notice: Your account will be closed unless you verify your password at https://www.verify-login-now.net/verify.
P0820,1,phishing,Security alert: We detected unusual activity on your Google account. Confirm your identity using https://www.secure-account-check.com/verify.
P0355,1,phishing,Urgent: Your Google account has been suspended. Verify your account immediately at https://www.account-security-alert.com/verify.
P0478,1,phishing,Congratulations! You have been selected for a cash reward. Submit your details at https://www.reward-center-online.com/verify.
P0375,1,phishing,Your password expires today. Keep your account active by confirming it at https://www.billing-confirmation.net/verify.
P1163,1,phishing,Your tax refund is ready. Confirm your bank information at https://www.reward-center-online.com/verify.
L1106,0,legitimate,Thank you for contacting support. We have created a ticket and will respond within two business days.
L0668,0,legitimate,Thanks for your application. We will review your documents and contact you with the next steps.
L0957,0,legitimate,The department has approved the leave request. Please check the HR portal for the updated balance.
L0355,0,legitimate,Your library book is due on Thursday. You can renew it through the library portal.
P0124,1,phishing,"You have won a $1,000 bonus. Claim your reward now by visiting https://www.billing-confirmation.net/verify."
L0110,0,legitimate,The finance team has shared the monthly expense report. Please review the figures before Friday.
P1116,1,phishing,Your mailbox is over its storage limit. Login now to prevent email deactivation: https://www.account-security-alert.com/verify.
P0453,1,phishing,You are eligible for an exclusive bonus. Click https://www.verify-login-now.net/verify to claim it before midnight.
P0677,1,phishing,Congratulations! You have been selected for a cash reward. Submit your details at https://www.account-security-alert.com/verify.
L1120,0,legitimate,Your library book is due on Wednesday. You can renew it through the library portal.
L0756,0,legitimate,The maintenance team will inspect the office network on Wednesday. No action is required from you.
L1083,0,legitimate,Your library book is due on Tuesday. You can renew it through the library portal.
P0649,1,phishing,Your mailbox is over its storage limit. Login now to prevent email deactivation: https://www.billing-confirmation.net/verify.
P0825,1,phishing,You have won a free smartphone. Claim your reward now by visiting https://www.billing-confirmation.net/verify.
L0811,0,legitimate,Your order has been shipped and is expected to arrive on Thursday. You can track it from your account dashboard.
P0708,1,phishing,Final notice: Your account will be closed unless you verify your password at https://www.account-security-alert.com/verify.
P0081,1,phishing,Your employee benefits account requires verification. Sign in at https://www.verify-login-now.net/verify.
L1107,0,legitimate,The maintenance team will inspect the office network on Thursday. No action is required from you.
L0777,0,legitimate,"Hi everyone, today's training session will begin at 4:00 PM. The meeting link is in the calendar invitation."
L0983,0,legitimate,The finance team has shared the monthly expense report. Please review the figures before Friday.
P0764,1,phishing,Congratulations! You have been selected for a cash reward. Submit your details at https://www.verify-login-now.net/verify.
P0364,1,phishing,Congratulations! You have been selected for a cash reward. Submit your details at https://www.billing-confirmation.net/verify.
L0475,0,legitimate,"Hi Ananya, the design review is scheduled for Monday at 11:30 AM. Please let me know if you can attend."
P0395,1,phishing,Your password expires today. Keep your account active by confirming it at https://www.secure-account-check.com/verify.
P0989,1,phishing,Congratulations! You have been selected for a cash reward. Submit your details at https://www.verify-login-now.net/verify.
P0403,1,phishing,Your tax refund is ready. Confirm your bank information at https://www.account-security-alert.com/verify.
P0574,1,phishing,Your employee benefits account requires verification. Sign in at https://www.account-security-alert.com/verify.
L0802,0,legitimate,Your library book is due on Thursday. You can renew it through the library portal.
L1076,0,legitimate,"Please find the meeting agenda attached. We will discuss milestones, risks, and next week's tasks."
L0417,0,legitimate,Thanks for your application. We will review your documents and contact you with the next steps.
P0947,1,phishing,Important document: Please review and sign the attached form using https://www.verify-login-now.net/verify.
P0335,1,phishing,Congratulations! You have been selected for a cash reward. Submit your details at https://www.secure-account-check.com/verify.
P0783,1,phishing,Important document: Please review and sign the attached form using https://www.reward-center-online.com/verify.
P0681,1,phishing,Your tax refund is ready. Confirm your bank information at https://www.verify-login-now.net/verify.
L0188,0,legitimate,"Hi Arjun, here are the notes from yesterday's discussion. Please share any corrections."
P1186,1,phishing,Your payment was declined. Update your billing information within 24 hours at https://www.verify-login-now.net/verify.
P0524,1,phishing,Urgent: Your Microsoft account has been suspended. Verify your account immediately at https://www.billing-confirmation.net/verify.
P0141,1,phishing,Action required: Your subscription payment failed. Reactivate it immediately at https://www.billing-confirmation.net/verify.
L0333,0,legitimate,The finance team has shared the monthly expense report. Please review the figures before Friday.
P1074,1,phishing,Action required: Your subscription payment failed. Reactivate it immediately at https://www.account-security-alert.com/verify.
L0616,0,legitimate,"Hi everyone, today's training session will begin at 2:00 PM. The meeting link is in the calendar invitation."
L1183,0,legitimate,"Hi everyone, today's training session will begin at 4:00 PM. The meeting link is in the calendar invitation."
P0487,1,phishing,Your employee benefits account requires verification. Sign in at https://www.secure-account-check.com/verify.
P0831,1,phishing,Your employee benefits account requires verification. Sign in at https://www.billing-confirmation.net/verify.
L0297,0,legitimate,The maintenance team will inspect the office network on Thursday. No action is required from you.
P0151,1,phishing,Congratulations! You have been selected for a cash reward. Submit your details at https://www.secure-account-check.com/verify.
P0799,1,phishing,Your tax refund is ready. Confirm your bank information at https://www.reward-center-online.com/verify.
L0691,0,legitimate,Your order has been shipped and is expected to arrive on Friday. You can track it from your account dashboard.
L0607,0,legitimate,The finance team has shared the monthly expense report. Please review the figures before Friday.
P0908,1,phishing,Important document: Please review and sign the attached form using https://www.account-security-alert.com/verify.
L0968,0,legitimate,The maintenance team will inspect the office network on Tuesday. No action is required from you.
P0173,1,phishing,Action required: Your subscription payment failed. Reactivate it immediately at https://www.verify-login-now.net/verify.
P0856,1,phishing,Important document: Please review and sign the attached form using https://www.verify-login-now.net/verify.
L0010,0,legitimate,"Please find the meeting agenda attached. We will discuss milestones, risks, and next week's tasks."
P0685,1,phishing,Your employee benefits account requires verification. Sign in at https://www.billing-confirmation.net/verify.
L1184,0,legitimate,"Hi Akhila, could you please send the latest version of the report when convenient?"
P0284,1,phishing,Your employee benefits account requires verification. Sign in at https://www.secure-account-check.com/verify.
P0785,1,phishing,Your payment was declined. Update your billing information within 24 hours at https://www.account-security-alert.com/verify.
L0526,0,legitimate,The maintenance team will inspect the office network on Friday. No action is required from you.
P1200,1,phishing,Action required: Your subscription payment failed. Reactivate it immediately at https://www.verify-login-now.net/verify.
P0756,1,phishing,Your password expires today. Keep your account active by confirming it at https://www.reward-center-online.com/verify.
P0393,1,phishing,Your mailbox is over its storage limit. Login now to prevent email deactivation: https://www.account-security-alert.com/verify.
P0661,1,phishing,Your password expires today. Keep your account active by confirming it at https://www.secure-account-check.com/verify.
P0602,1,phishing,You have won a free smartphone. Claim your reward now by visiting https://www.verify-login-now.net/verify.
L0544,0,legitimate,Thanks for your application. We will review your documents and contact you with the next steps.
L0095,0,legitimate,"Hi everyone, today's training session will begin at 3:30 PM. The meeting link is in the calendar invitation."
L0819,0,legitimate,"Please find the meeting agenda attached. We will discuss milestones, risks, and next week's tasks."
P0797,1,phishing,You have won a shopping voucher. Claim your reward now by visiting https://www.verify-login-now.net/verify.
L1014,0,legitimate,Your library book is due on Thursday. You can renew it through the library portal.
P0183,1,phishing,Important document: Please review and sign the attached form using https://www.billing-confirmation.net/verify.
L1155,0,legitimate,"Please find the meeting agenda attached. We will discuss milestones, risks, and next week's tasks."
P0222,1,phishing,Final notice: Your account will be closed unless you verify your password at https://www.verify-login-now.net/verify.
L0162,0,legitimate,"Hi everyone, today's training session will begin at 10:00 AM. The meeting link is in the calendar invitation."
L0119,0,legitimate,Your order has been shipped and is expected to arrive on Wednesday. You can track it from your account dashboard.
P0607,1,phishing,Urgent: Your cloud account has been suspended. Verify your account immediately at https://www.account-security-alert.com/verify.
L1096,0,legitimate,Your package is ready for pickup at the collection desk during normal working hours.
P0944,1,phishing,"We noticed a login from a new device. If this was not you, secure your account at https://www.billing-confirmation.net/verify."
P1043,1,phishing,Final notice: Your account will be closed unless you verify your password at https://www.secure-account-check.com/verify.
L0036,0,legitimate,Your library book is due on Friday. You can renew it through the library portal.
L0737,0,legitimate,"Hi Rahul, could you please send the latest version of the report when convenient?"
P0894,1,phishing,Your password expires today. Keep your account active by confirming it at https://www.account-security-alert.com/verify.
L0244,0,legitimate,Your package is ready for pickup at the collection desk during normal working hours.
P0885,1,phishing,Security alert: We detected unusual activity on your Google account. Confirm your identity using https://www.account-security-alert.com/verify.
L0818,0,legitimate,"Hello team, the weekly project update is attached. Please review it before the meeting."
P0377,1,phishing,"We noticed a login from a new device. If this was not you, secure your account at https://www.billing-confirmation.net/verify."
P0314,1,phishing,"We noticed a login from a new device. If this was not you, secure your account at https://www.secure-account-check.com/verify."
P1100,1,phishing,Congratulations! You have been selected for a cash reward. Submit your details at https://www.billing-confirmation.net/verify.
P0437,1,phishing,Important document: Please review and sign the attached form using https://www.billing-confirmation.net/verify.
P1146,1,phishing,"We noticed a login from a new device. If this was not you, secure your account at https://www.account-security-alert.com/verify."
L1172,0,legitimate,"Please find the meeting agenda attached. We will discuss milestones, risks, and next week's tasks."
L1157,0,legitimate,The finance team has shared the monthly expense report. Please review the figures before Friday.
P0015,1,phishing,You are eligible for an exclusive bonus. Click https://www.secure-account-check.com/verify to claim it before midnight.
L0521,0,legitimate,Your package is ready for pickup at the collection desk during normal working hours.
P0354,1,phishing,Action required: Your subscription payment failed. Reactivate it immediately at https://www.reward-center-online.com/verify.
L0208,0,legitimate,"Hi Meera, here are the notes from yesterday's discussion. Please share any corrections."
L0031,0,legitimate,Your order has been shipped and is expected to arrive on Thursday. You can track it from your account dashboard.
P0652,1,phishing,Action required: Your subscription payment failed. Reactivate it immediately at https://www.verify-login-now.net/verify.
P0359,1,phishing,You are eligible for an exclusive bonus. Click https://www.billing-confirmation.net/verify to claim it before midnight.
L0847,0,legitimate,Your order has been shipped and is expected to arrive on Tuesday. You can track it from your account dashboard.
P1098,1,phishing,You are eligible for an exclusive bonus. Click https://www.account-security-alert.com/verify to claim it before midnight.
L0028,0,legitimate,The finance team has shared the monthly expense report. Please review the figures before Friday.
P0480,1,phishing,Your employee benefits account requires verification. Sign in at https://www.verify-login-now.net/verify.
L1088,0,legitimate,"Hi Kiran, could you please send the latest version of the report when convenient?"
P0063,1,phishing,Your payment was declined. Update your billing information within 24 hours at https://www.verify-login-now.net/verify.
L0310,0,legitimate,The maintenance team will inspect the office network on Friday. No action is required from you.
P0780,1,phishing,Important document: Please review and sign the attached form using https://www.verify-login-now.net/verify.
P0945,1,phishing,"We noticed a login from a new device. If this was not you, secure your account at https://www.billing-confirmation.net/verify."
L0284,0,legitimate,The maintenance team will inspect the office network on Tuesday. No action is required from you.
P0097,1,phishing,Your tax refund is ready. Confirm your bank information at https://www.secure-account-check.com/verify.
P0711,1,phishing,"You have won a $1,000 bonus. Claim your reward now by visiting https://www.secure-account-check.com/verify."
L1123,0,legitimate,"Please find the meeting agenda attached. We will discuss milestones, risks, and next week's tasks."
P0193,1,phishing,Important document: Please review and sign the attached form using https://www.billing-confirmation.net/verify.
P0719,1,phishing,Final notice: Your account will be closed unless you verify your password at https://www.account-security-alert.com/verify.
P0954,1,phishing,Your payment was declined. Update your billing information within 24 hours at https://www.secure-account-check.com/verify.
L0423,0,legitimate,The department has approved the leave request. Please check the HR portal for the updated balance.
L0634,0,legitimate,Thank you for contacting support. We have created a ticket and will respond within two business days.
L0372,0,legitimate,Your package is ready for pickup at the collection desk during normal working hours.
L0567,0,legitimate,The finance team has shared the monthly expense report. Please review the figures before Friday.
P0184,1,phishing,Your password expires today. Keep your account active by confirming it at https://www.account-security-alert.com/verify.
P0427,1,phishing,Your employee benefits account requires verification. Sign in at https://www.account-security-alert.com/verify.
L0710,0,legitimate,Your order has been shipped and is expected to arrive on Friday. You can track it from your account dashboard.
L0631,0,legitimate,"Hi everyone, today's training session will begin at 4:00 PM. The meeting link is in the calendar invitation."
L0205,0,legitimate,The finance team has shared the monthly expense report. Please review the figures before Friday.
L0624,0,legitimate,"Hi Kiran, the project review is scheduled for Monday at 3:30 PM. Please let me know if you can attend."
P0537,1,phishing,Your tax refund is ready. Confirm your bank information at https://www.reward-center-online.com/verify.
L1002,0,legitimate,"Hello team, the weekly project update is attached. Please review it before the meeting."
L0715,0,legitimate,Thanks for your application. We will review your documents and contact you with the next steps.
P0953,1,phishing,Your employee benefits account requires verification. Sign in at https://www.reward-center-online.com/verify.
P0765,1,phishing,Your mailbox is over its storage limit. Login now to prevent email deactivation: https://www.reward-center-online.com/verify.
P0339,1,phishing,Action required: Your subscription payment failed. Reactivate it immediately at https://www.secure-account-check.com/verify.
L0693,0,legitimate,The department has approved the leave request. Please check the HR portal for the updated balance.
P0474,1,phishing,Your password expires today. Keep your account active by confirming it at https://www.secure-account-check.com/verify.
P0484,1,phishing,Final notice: Your account will be closed unless you verify your password at https://www.verify-login-now.net/verify.
P0258,1,phishing,Final notice: Your account will be closed unless you verify your password at https://www.account-security-alert.com/verify.
P0966,1,phishing,Your mailbox is over its storage limit. Login now to prevent email deactivation: https://www.billing-confirmation.net/verify.
L0640,0,legitimate,Your library book is due on Wednesday. You can renew it through the library portal.
L0800,0,legitimate,Thank you for contacting support. We have created a ticket and will respond within two business days.
L1151,0,legitimate,Reminder: your appointment with Admissions is scheduled for Wednesday at 11:30 AM.
L0277,0,legitimate,Thanks for your application. We will review your documents and contact you with the next steps.
P0210,1,phishing,Your payment was declined. Update your billing information within 24 hours at https://www.account-security-alert.com/verify.
P0702,1,phishing,Action required: Your subscription payment failed. Reactivate it immediately at https://www.billing-confirmation.net/verify.
P0801,1,phishing,Security alert: We detected unusual activity on your cloud account. Confirm your identity using https://www.secure-account-check.com/verify.
P0298,1,phishing,Your tax refund is ready. Confirm your bank information at https://www.verify-login-now.net/verify.
L0977,0,legitimate,The department has approved the leave request. Please check the HR portal for the updated balance.
P0170,1,phishing,You have won a $500 gift card. Claim your reward now by visiting https://www.billing-confirmation.net/verify.
P0666,1,phishing,Urgent: Your company account has been suspended. Verify your account immediately at https://www.secure-account-check.com/verify.
L0309,0,legitimate,Reminder: your appointment with Accounts is scheduled for Tuesday at 10:00 AM.
P0381,1,phishing,Action required: Your subscription payment failed. Reactivate it immediately at https://www.reward-center-online.com/verify.
P0630,1,phishing,Final notice: Your account will be closed unless you verify your password at https://www.reward-center-online.com/verify.
L0852,0,legitimate,Thanks for your application. We will review your documents and contact you with the next steps.
L0472,0,legitimate,Your package is ready for pickup at the collection desk during normal working hours.
P0278,1,phishing,Your tax refund is ready. Confirm your bank information at https://www.reward-center-online.com/verify.
L0546,0,legitimate,"Hi Akhila, the client meeting is scheduled for Wednesday at 4:00 PM. Please let me know if you can attend."
L0219,0,legitimate,The department has approved the leave request. Please check the HR portal for the updated balance.
P0302,1,phishing,Your mailbox is over its storage limit. Login now to prevent email deactivation: https://www.billing-confirmation.net/verify.
P0446,1,phishing,Urgent: Your Office 365 account has been suspended. Verify your account immediately at https://www.verify-login-now.net/verify.
P0121,1,phishing,Your employee benefits account requires verification. Sign in at https://www.account-security-alert.com/verify.
L0094,0,legitimate,Your package is ready for pickup at the collection desk during normal working hours.
P0010,1,phishing,Security alert: We detected unusual activity on your company account. Confirm your identity using https://www.secure-account-check.com/verify.
P0409,1,phishing,Your mailbox is over its storage limit. Login now to prevent email deactivation: https://www.billing-confirmation.net/verify.
L1192,0,legitimate,"Hi Priya, could you please send the latest version of the report when convenient?"
P1199,1,phishing,Your employee benefits account requires verification. Sign in at https://www.secure-account-check.com/verify.
L0716,0,legitimate,"Hi Akhila, the client meeting is scheduled for Thursday at 4:00 PM. Please let me know if you can attend."
P0144,1,phishing,Important document: Please review and sign the attached form using https://www.account-security-alert.com/verify.
L0855,0,legitimate,"Hi Akhila, could you please send the latest version of the report when convenient?"
L0330,0,legitimate,The maintenance team will inspect the office network on Tuesday. No action is required from you.
L0171,0,legitimate,The finance team has shared the monthly expense report. Please review the figures before Friday.
P0175,1,phishing,Your employee benefits account requires verification. Sign in at https://www.billing-confirmation.net/verify.
P0508,1,phishing,Your employee benefits account requires verification. Sign in at https://www.verify-login-now.net/verify.
P0435,1,phishing,Security alert: We detected unusual activity on your Office 365 account. Confirm your identity using https://www.verify-login-now.net/verify.
L1068,0,legitimate,The finance team has shared the monthly expense report. Please review the figures before Friday.
L0831,0,legitimate,The finance team has shared the monthly expense report. Please review the figures before Friday.
P1053,1,phishing,Your tax refund is ready. Confirm your bank information at https://www.account-security-alert.com/verify.
P0203,1,phishing,Important document: Please review and sign the attached form using https://www.secure-account-check.com/verify.
P0171,1,phishing,Action required: Your subscription payment failed. Reactivate it immediately at https://www.billing-confirmation.net/verify.
L0429,0,legitimate,Reminder: your appointment with Student Services is scheduled for Thursday at 2:00 PM.
L0673,0,legitimate,"Hi Ananya, here are the notes from yesterday's discussion. Please share any corrections."
L0305,0,legitimate,The finance team has shared the monthly expense report. Please review the figures before Friday.
L0513,0,legitimate,The department has approved the leave request. Please check the HR portal for the updated balance.
L0615,0,legitimate,"Hi Sanjay, the project review is scheduled for Monday at 11:30 AM. Please let me know if you can attend."
L0165,0,legitimate,"Please find the meeting agenda attached. We will discuss milestones, risks, and next week's tasks."
P0131,1,phishing,Your tax refund is ready. Confirm your bank information at https://www.secure-account-check.com/verify.
L1052,0,legitimate,"Please find the meeting agenda attached. We will discuss milestones, risks, and next week's tasks."
P1111,1,phishing,Action required: Your subscription payment failed. Reactivate it immediately at https://www.reward-center-online.com/verify.
L0213,0,legitimate,Reminder: your appointment with IT Support is scheduled for Tuesday at 10:00 AM.
L1047,0,legitimate,"Hello team, the weekly project update is attached. Please review it before the meeting."
L0339,0,legitimate,The maintenance team will inspect the office network on Friday. No action is required from you.
P0084,1,phishing,Action required: Your subscription payment failed. Reactivate it immediately at https://www.secure-account-check.com/verify.
P0973,1,phishing,Congratulations! You have been selected for a cash reward. Submit your details at https://www.secure-account-check.com/verify.
L1188,0,legitimate,The finance team has shared the monthly expense report. Please review the figures before Friday.
P0569,1,phishing,You have won a cash prize. Claim your reward now by visiting https://www.secure-account-check.com/verify.
P0527,1,phishing,Congratulations! You have been selected for a cash reward. Submit your details at https://www.account-security-alert.com/verify.
L0111,0,legitimate,Your library book is due on Wednesday. You can renew it through the library portal.
L0069,0,legitimate,Thanks for your application. We will review your documents and contact you with the next steps.
L0131,0,legitimate,"Hello team, the weekly project update is attached. Please review it before the meeting."
L0712,0,legitimate,Your order has been shipped and is expected to arrive on Friday. You can track it from your account dashboard.
L0099,0,legitimate,Your library book is due on Tuesday. You can renew it through the library portal.
L0203,0,legitimate,"Hi everyone, today's training session will begin at 4:00 PM. The meeting link is in the calendar invitation."
P1150,1,phishing,Congratulations! You have been selected for a cash reward. Submit your details at https://www.secure-account-check.com/verify.
L0321,0,legitimate,Reminder: your appointment with Student Services is scheduled for Wednesday at 4:00 PM.
L0877,0,legitimate,The maintenance team will inspect the office network on Wednesday. No action is required from you.
L0496,0,legitimate,"Hi everyone, today's training session will begin at 10:00 AM. The meeting link is in the calendar invitation."
P0814,1,phishing,You are eligible for an exclusive bonus. Click https://www.secure-account-check.com/verify to claim it before midnight.
L0907,0,legitimate,Your package is ready for pickup at the collection desk during normal working hours.
L0092,0,legitimate,Thanks for your application. We will review your documents and contact you with the next steps.
P0215,1,phishing,Important document: Please review and sign the attached form using https://www.reward-center-online.com/verify.
P0707,1,phishing,Your payment was declined. Update your billing information within 24 hours at https://www.verify-login-now.net/verify.
P0275,1,phishing,Your payment was declined. Update your billing information within 24 hours at https://www.secure-account-check.com/verify.
P0006,1,phishing,You are eligible for an exclusive bonus. Click https://www.verify-login-now.net/verify to claim it before midnight.
P0933,1,phishing,Your password expires today. Keep your account active by confirming it at https://www.billing-confirmation.net/verify.
P0614,1,phishing,"We noticed a login from a new device. If this was not you, secure your account at https://www.reward-center-online.com/verify."
L0283,0,legitimate,Reminder: your appointment with Student Services is scheduled for Monday at 3:30 PM.
P0706,1,phishing,Final notice: Your account will be closed unless you verify your password at https://www.account-security-alert.com/verify.
P0330,1,phishing,Congratulations! You have been selected for a cash reward. Submit your details at https://www.reward-center-online.com/verify.
L0913,0,legitimate,Your package is ready for pickup at the collection desk during normal working hours.
P0155,1,phishing,Important document: Please review and sign the attached form using https://www.billing-confirmation.net/verify.
L1190,0,legitimate,The department has approved the leave request. Please check the HR portal for the updated balance.
P1184,1,phishing,Action required: Your subscription payment failed. Reactivate it immediately at https://www.account-security-alert.com/verify.
L0263,0,legitimate,Thank you for contacting support. We have created a ticket and will respond within two business days.
L0268,0,legitimate,Thanks for your application. We will review your documents and contact you with the next steps.
L0345,0,legitimate,"Hi Priya, here are the notes from yesterday's discussion. Please share any corrections."
P1168,1,phishing,Your password expires today. Keep your account active by confirming it at https://www.reward-center-online.com/verify.
L1154,0,legitimate,"Hi everyone, today's training session will begin at 2:00 PM. The meeting link is in the calendar invitation."
P0786,1,phishing,Action required: Your subscription payment failed. Reactivate it immediately at https://www.reward-center-online.com/verify.
L0669,0,legitimate,"Hi Sanjay, here are the notes from yesterday's discussion. Please share any corrections."
L0024,0,legitimate,"Hi everyone, today's training session will begin at 4:00 PM. The meeting link is in the calendar invitation."
L0581,0,legitimate,The finance team has shared the monthly expense report. Please review the figures before Friday.
L0804,0,legitimate,The maintenance team will inspect the office network on Friday. No action is required from you.
P1089,1,phishing,"We noticed a login from a new device. If this was not you, secure your account at https://www.billing-confirmation.net/verify."
L0375,0,legitimate,Reminder: your appointment with Accounts is scheduled for Tuesday at 3:30 PM.
L0009,0,legitimate,Your order has been shipped and is expected to arrive on Wednesday. You can track it from your account dashboard.
L0694,0,legitimate,"Hi Kiran, the design review is scheduled for Wednesday at 10:00 AM. Please let me know if you can attend."
P0859,1,phishing,Security alert: We detected unusual activity on your banking account. Confirm your identity using https://www.verify-login-now.net/verify.
P1050,1,phishing,Congratulations! You have been selected for a cash reward. Submit your details at https://www.verify-login-now.net/verify.
L0650,0,legitimate,Reminder: your appointment with Admissions is scheduled for Thursday at 3:30 PM.
L0518,0,legitimate,"Hi everyone, today's training session will begin at 2:00 PM. The meeting link is in the calendar invitation."
P0896,1,phishing,Security alert: We detected unusual activity on your PayPal account. Confirm your identity using https://www.billing-confirmation.net/verify.
P0256,1,phishing,Your tax refund is ready. Confirm your bank information at https://www.secure-account-check.com/verify.
P0608,1,phishing,"We noticed a login from a new device. If this was not you, secure your account at https://www.secure-account-check.com/verify."
L0108,0,legitimate,"Hi everyone, today's training session will begin at 2:00 PM. The meeting link is in the calendar invitation."
P1162,1,phishing,Your mailbox is over its storage limit. Login now to prevent email deactivation: https://www.verify-login-now.net/verify.
P0213,1,phishing,Important document: Please review and sign the attached form using https://www.secure-account-check.com/verify.
L0701,0,legitimate,"Hello team, the weekly project update is attached. Please review it before the meeting."
P0932,1,phishing,Your payment was declined. Update your billing information within 24 hours at https://www.verify-login-now.net/verify.
P1012,1,phishing,"We noticed a login from a new device. If this was not you, secure your account at https://www.verify-login-now.net/verify."
L0060,0,legitimate,"Hi Ananya, could you please send the latest version of the report when convenient?"
P0646,1,phishing,"You have won a $1,000 bonus. Claim your reward now by visiting https://www.billing-confirmation.net/verify."
P0830,1,phishing,Your password expires today. Keep your account active by confirming it at https://www.account-security-alert.com/verify.
L0623,0,legitimate,Thank you for contacting support. We have created a ticket and will respond within two business days.
P0341,1,phishing,You have won a shopping voucher. Claim your reward now by visiting https://www.account-security-alert.com/verify.
P0319,1,phishing,Security alert: We detected unusual activity on your PayPal account. Confirm your identity using https://www.reward-center-online.com/verify.
P0659,1,phishing,You are eligible for an exclusive bonus. Click https://www.verify-login-now.net/verify to claim it before midnight.
P1056,1,phishing,Final notice: Your account will be closed unless you verify your password at https://www.secure-account-check.com/verify.
P0577,1,phishing,Your password expires today. Keep your account active by confirming it at https://www.secure-account-check.com/verify.
P0489,1,phishing,You are eligible for an exclusive bonus. Click https://www.account-security-alert.com/verify to claim it before midnight.
L0839,0,legitimate,The maintenance team will inspect the office network on Thursday. No action is required from you.
P0458,1,phishing,Your mailbox is over its storage limit. Login now to prevent email deactivation: https://www.reward-center-online.com/verify.
P1084,1,phishing,Your mailbox is over its storage limit. Login now to prevent email deactivation: https://www.billing-confirmation.net/verify.
P0790,1,phishing,Congratulations! You have been selected for a cash reward. Submit your details at https://www.reward-center-online.com/verify.
L0785,0,legitimate,The finance team has shared the monthly expense report. Please review the figures before Friday.
L0279,0,legitimate,"Hi everyone, today's training session will begin at 3:30 PM. The meeting link is in the calendar invitation."
P0592,1,phishing,You are eligible for an exclusive bonus. Click https://www.secure-account-check.com/verify to claim it before midnight.
P0230,1,phishing,You are eligible for an exclusive bonus. Click https://www.billing-confirmation.net/verify to claim it before midnight.
P0464,1,phishing,Your payment was declined. Update your billing information within 24 hours at https://www.billing-confirmation.net/verify.
L0393,0,legitimate,"Hi everyone, today's training session will begin at 11:30 AM. The meeting link is in the calendar invitation."
L0482,0,legitimate,Reminder: your appointment with IT Support is scheduled for Tuesday at 4:00 PM.
P0560,1,phishing,Important document: Please review and sign the attached form using https://www.verify-login-now.net/verify.
P0782,1,phishing,Your payment was declined. Update your billing information within 24 hours at https://www.verify-login-now.net/verify.
P0382,1,phishing,"We noticed a login from a new device. If this was not you, secure your account at https://www.account-security-alert.com/verify."
P0404,1,phishing,Final notice: Your account will be closed unless you verify your password at https://www.billing-confirmation.net/verify.
P0746,1,phishing,Your employee benefits account requires verification. Sign in at https://www.verify-login-now.net/verify.
P0509,1,phishing,"We noticed a login from a new device. If this was not you, secure your account at https://www.billing-confirmation.net/verify."
P0018,1,phishing,Congratulations! You have been selected for a cash reward. Submit your details at https://www.verify-login-now.net/verify.
P0392,1,phishing,Important document: Please review and sign the attached form using https://www.reward-center-online.com/verify.
L0421,0,legitimate,"Hello team, the weekly project update is attached. Please review it before the meeting."
P0519,1,phishing,Your payment was declined. Update your billing information within 24 hours at https://www.secure-account-check.com/verify.
P0547,1,phishing,Final notice: Your account will be closed unless you verify your password at https://www.secure-account-check.com/verify.
P0720,1,phishing,Action required: Your subscription payment failed. Reactivate it immediately at https://www.reward-center-online.com/verify.
P0292,1,phishing,Action required: Your subscription payment failed. Reactivate it immediately at https://www.verify-login-now.net/verify.
L1196,0,legitimate,Reminder: your appointment with IT Support is scheduled for Friday at 3:30 PM.
L0539,0,legitimate,"Please find the meeting agenda attached. We will discuss milestones, risks, and next week's tasks."
L0298,0,legitimate,"Hi Priya, could you please send the latest version of the report when convenient?"
P1174,1,phishing,"You have won a $1,000 bonus. Claim your reward now by visiting https://www.secure-account-check.com/verify."
L0774,0,legitimate,The maintenance team will inspect the office network on Friday. No action is required from you.
P0096,1,phishing,Your payment was declined. Update your billing information within 24 hours at https://www.reward-center-online.com/verify.
P0440,1,phishing,Your tax refund is ready. Confirm your bank information at https://www.secure-account-check.com/verify.
P0299,1,phishing,Your password expires today. Keep your account active by confirming it at https://www.account-security-alert.com/verify.
P0386,1,phishing,You have won a free smartphone. Claim your reward now by visiting https://www.verify-login-now.net/verify.
L0530,0,legitimate,The department has approved the leave request. Please check the HR portal for the updated balance.
L0164,0,legitimate,Your order has been shipped and is expected to arrive on Wednesday. You can track it from your account dashboard.
L0479,0,legitimate,Reminder: your appointment with Accounts is scheduled for Wednesday at 2:00 PM.
L0300,0,legitimate,"Hi Arjun, could you please send the latest version of the report when convenient?"
P0103,1,phishing,Important document: Please review and sign the attached form using https://www.reward-center-online.com/verify.
P0208,1,phishing,Your password expires today. Keep your account active by confirming it at https://www.reward-center-online.com/verify.
P1028,1,phishing,"We noticed a login from a new device. If this was not you, secure your account at https://www.verify-login-now.net/verify."
L0379,0,legitimate,"Hi Ananya, here are the notes from yesterday's discussion. Please share any corrections."
P0310,1,phishing,Congratulations! You have been selected for a cash reward. Submit your details at https://www.secure-account-check.com/verify.
P0024,1,phishing,Final notice: Your account will be closed unless you verify your password at https://www.verify-login-now.net/verify.
P0762,1,phishing,"We noticed a login from a new device. If this was not you, secure your account at https://www.billing-confirmation.net/verify."
P0525,1,phishing,Congratulations! You have been selected for a cash reward. Submit your details at https://www.verify-login-now.net/verify.
P0436,1,phishing,Urgent: Your Amazon account has been suspended. Verify your account immediately at https://www.billing-confirmation.net/verify.
L0648,0,legitimate,Your order has been shipped and is expected to arrive on Wednesday. You can track it from your account dashboard.
P1097,1,phishing,Security alert: We detected unusual activity on your Amazon account. Confirm your identity using https://www.account-security-alert.com/verify.
P0320,1,phishing,Urgent: Your Office 365 account has been suspended. Verify your account immediately at https://www.verify-login-now.net/verify.
P0880,1,phishing,You have won a $500 gift card. Claim your reward now by visiting https://www.reward-center-online.com/verify.
L0746,0,legitimate,"Hello team, the weekly project update is attached. Please review it before the meeting."
L0199,0,legitimate,The maintenance team will inspect the office network on Monday. No action is required from you.
L0215,0,legitimate,Your package is ready for pickup at the collection desk during normal working hours.
L0950,0,legitimate,The finance team has shared the monthly expense report. Please review the figures before Friday.
P0812,1,phishing,Your password expires today. Keep your account active by confirming it at https://www.verify-login-now.net/verify.
L0184,0,legitimate,Thank you for contacting support. We have created a ticket and will respond within two business days.
L0463,0,legitimate,Your order has been shipped and is expected to arrive on Monday. You can track it from your account dashboard.
P0098,1,phishing,You are eligible for an exclusive bonus. Click https://www.reward-center-online.com/verify to claim it before midnight.
P0156,1,phishing,You are eligible for an exclusive bonus. Click https://www.billing-confirmation.net/verify to claim it before midnight.
L0755,0,legitimate,The department has approved the leave request. Please check the HR portal for the updated balance.
L0407,0,legitimate,"Hi everyone, today's training session will begin at 4:00 PM. The meeting link is in the calendar invitation."
L0509,0,legitimate,"Hi Akhila, the weekly sync is scheduled for Monday at 11:30 AM. Please let me know if you can attend."
P0851,1,phishing,Your mailbox is over its storage limit. Login now to prevent email deactivation: https://www.account-security-alert.com/verify.
L0577,0,legitimate,"Please find the meeting agenda attached. We will discuss milestones, risks, and next week's tasks."
L0448,0,legitimate,"Hi Sanjay, here are the notes from yesterday's discussion. Please share any corrections."
L0390,0,legitimate,Thank you for contacting support. We have created a ticket and will respond within two business days.
P0426,1,phishing,Important document: Please review and sign the attached form using https://www.account-security-alert.com/verify.
L1118,0,legitimate,Reminder: your appointment with Student Services is scheduled for Thursday at 2:00 PM.
L0160,0,legitimate,The finance team has shared the monthly expense report. Please review the figures before Friday.
L0740,0,legitimate,"Hello team, the weekly project update is attached. Please review it before the meeting."
P0740,1,phishing,Congratulations! You have been selected for a cash reward. Submit your details at https://www.account-security-alert.com/verify.
P0517,1,phishing,Security alert: We detected unusual activity on your Office 365 account. Confirm your identity using https://www.verify-login-now.net/verify.
L0754,0,legitimate,The maintenance team will inspect the office network on Tuesday. No action is required from you.
P1142,1,phishing,Your payment was declined. Update your billing information within 24 hours at https://www.account-security-alert.com/verify.
P0087,1,phishing,Your payment was declined. Update your billing information within 24 hours at https://www.reward-center-online.com/verify.
L0341,0,legitimate,"Hello team, the weekly project update is attached. Please review it before the meeting."
P0277,1,phishing,Your mailbox is over its storage limit. Login now to prevent email deactivation: https://www.verify-login-now.net/verify.
P0898,1,phishing,Congratulations! You have been selected for a cash reward. Submit your details at https://www.verify-login-now.net/verify.
L1090,0,legitimate,"Hi Sanjay, the design review is scheduled for Friday at 10:00 AM. Please let me know if you can attend."
L0371,0,legitimate,Your package is ready for pickup at the collection desk during normal working hours.
P0135,1,phishing,Your employee benefits account requires verification. Sign in at https://www.billing-confirmation.net/verify.
L0543,0,legitimate,Your order has been shipped and is expected to arrive on Friday. You can track it from your account dashboard.
P0672,1,phishing,"We noticed a login from a new device. If this was not you, secure your account at https://www.reward-center-online.com/verify."
L1091,0,legitimate,Reminder: your appointment with Accounts is scheduled for Monday at 10:00 AM.
P0803,1,phishing,Urgent: Your company account has been suspended. Verify your account immediately at https://www.verify-login-now.net/verify.
P0833,1,phishing,You have won a shopping voucher. Claim your reward now by visiting https://www.secure-account-check.com/verify.
L0683,0,legitimate,Thank you for contacting support. We have created a ticket and will respond within two business days.
L0186,0,legitimate,"Hi Priya, could you please send the latest version of the report when convenient?"
P0279,1,phishing,Your payment was declined. Update your billing information within 24 hours at https://www.secure-account-check.com/verify.
L0993,0,legitimate,Reminder: your appointment with Accounts is scheduled for Monday at 11:30 AM.
P0254,1,phishing,Congratulations! You have been selected for a cash reward. Submit your details at https://www.billing-confirmation.net/verify.
L1045,0,legitimate,Your order has been shipped and is expected to arrive on Tuesday. You can track it from your account dashboard.
L0814,0,legitimate,"Hi everyone, today's training session will begin at 10:00 AM. The meeting link is in the calendar invitation."
P0647,1,phishing,Your tax refund is ready. Confirm your bank information at https://www.account-security-alert.com/verify.
P0236,1,phishing,Your employee benefits account requires verification. Sign in at https://www.account-security-alert.com/verify.
L0896,0,legitimate,Your library book is due on Monday. You can renew it through the library portal.
P0309,1,phishing,Your payment was declined. Update your billing information within 24 hours at https://www.secure-account-check.com/verify.
P0290,1,phishing,Final notice: Your account will be closed unless you verify your password at https://www.reward-center-online.com/verify.
L0884,0,legitimate,"Hi Priya, the client meeting is scheduled for Wednesday at 3:30 PM. Please let me know if you can attend."
P1069,1,phishing,Congratulations! You have been selected for a cash reward. Submit your details at https://www.verify-login-now.net/verify.
P0497,1,phishing,Congratulations! You have been selected for a cash reward. Submit your details at https://www.verify-login-now.net/verify.
P1029,1,phishing,Your employee benefits account requires verification. Sign in at https://www.account-security-alert.com/verify.
P0408,1,phishing,Your mailbox is over its storage limit. Login now to prevent email deactivation: https://www.reward-center-online.com/verify.
L0508,0,legitimate,"Hi everyone, today's training session will begin at 2:00 PM. The meeting link is in the calendar invitation."
P0105,1,phishing,Urgent: Your Google account has been suspended. Verify your account immediately at https://www.account-security-alert.com/verify.
L0921,0,legitimate,The finance team has shared the monthly expense report. Please review the figures before Friday.
P1124,1,phishing,Your tax refund is ready. Confirm your bank information at https://www.billing-confirmation.net/verify.
L0663,0,legitimate,"Hello team, the weekly project update is attached. Please review it before the meeting."
L0453,0,legitimate,"Hi Priya, could you please send the latest version of the report when convenient?"
P0866,1,phishing,Important document: Please review and sign the attached form using https://www.verify-login-now.net/verify.
P0037,1,phishing,You are eligible for an exclusive bonus. Click https://www.reward-center-online.com/verify to claim it before midnight.
L0007,0,legitimate,Your order has been shipped and is expected to arrive on Monday. You can track it from your account dashboard.
P1128,1,phishing,"We noticed a login from a new device. If this was not you, secure your account at https://www.reward-center-online.com/verify."
L0515,0,legitimate,Your library book is due on Monday. You can renew it through the library portal.
P0751,1,phishing,Important document: Please review and sign the attached form using https://www.account-security-alert.com/verify.
L0255,0,legitimate,Your order has been shipped and is expected to arrive on Monday. You can track it from your account dashboard.
L0058,0,legitimate,"Hi Rahul, the project review is scheduled for Friday at 2:00 PM. Please let me know if you can attend."
L0257,0,legitimate,"Please find the meeting agenda attached. We will discuss milestones, risks, and next week's tasks."
P0679,1,phishing,You have won a shopping voucher. Claim your reward now by visiting https://www.reward-center-online.com/verify.
P0766,1,phishing,Your password expires today. Keep your account active by confirming it at https://www.secure-account-check.com/verify.
L0955,0,legitimate,"Hello team, the weekly project update is attached. Please review it before the meeting."
P0595,1,phishing,Your mailbox is over its storage limit. Login now to prevent email deactivation: https://www.verify-login-now.net/verify.
L0869,0,legitimate,"Please find the meeting agenda attached. We will discuss milestones, risks, and next week's tasks."
P0811,1,phishing,Urgent: Your banking account has been suspended. Verify your account immediately at https://www.account-security-alert.com/verify.
P0322,1,phishing,You have won a free smartphone. Claim your reward now by visiting https://www.verify-login-now.net/verify.
L0537,0,legitimate,Thanks for your application. We will review your documents and contact you with the next steps.
L0118,0,legitimate,Reminder: your appointment with IT Support is scheduled for Thursday at 4:00 PM.
L0176,0,legitimate,Reminder: your appointment with HR is scheduled for Thursday at 4:00 PM.
L0859,0,legitimate,Thank you for contacting support. We have created a ticket and will respond within two business days.
P0130,1,phishing,Important document: Please review and sign the attached form using https://www.secure-account-check.com/verify.
P0723,1,phishing,Your employee benefits account requires verification. Sign in at https://www.verify-login-now.net/verify.
L1082,0,legitimate,Thank you for contacting support. We have created a ticket and will respond within two business days.
P0185,1,phishing,Your password expires today. Keep your account active by confirming it at https://www.account-security-alert.com/verify.
L0037,0,legitimate,The department has approved the leave request. Please check the HR portal for the updated balance.
L0365,0,legitimate,Thanks for your application. We will review your documents and contact you with the next steps.
P0041,1,phishing,Urgent: Your Office 365 account has been suspended. Verify your account immediately at https://www.billing-confirmation.net/verify.
L0982,0,legitimate,Thanks for your application. We will review your documents and contact you with the next steps.
L0534,0,legitimate,Your library book is due on Monday. You can renew it through the library portal.
P0226,1,phishing,Your tax refund is ready. Confirm your bank information at https://www.verify-login-now.net/verify.
P0423,1,phishing,Your password expires today. Keep your account active by confirming it at https://www.account-security-alert.com/verify.
L0076,0,legitimate,The finance team has shared the monthly expense report. Please review the figures before Friday.
P0454,1,phishing,Your mailbox is over its storage limit. Login now to prevent email deactivation: https://www.verify-login-now.net/verify.
L0125,0,legitimate,Your library book is due on Tuesday. You can renew it through the library portal.
P0917,1,phishing,Your payment was declined. Update your billing information within 24 hours at https://www.reward-center-online.com/verify.
P0632,1,phishing,Congratulations! You have been selected for a cash reward. Submit your details at https://www.account-security-alert.com/verify.
L0445,0,legitimate,"Please find the meeting agenda attached. We will discuss milestones, risks, and next week's tasks."
P0696,1,phishing,Your mailbox is over its storage limit. Login now to prevent email deactivation: https://www.secure-account-check.com/verify.
P1092,1,phishing,You are eligible for an exclusive bonus. Click https://www.verify-login-now.net/verify to claim it before midnight.
P0995,1,phishing,Your password expires today. Keep your account active by confirming it at https://www.secure-account-check.com/verify.
P0550,1,phishing,Urgent: Your Microsoft account has been suspended. Verify your account immediately at https://www.verify-login-now.net/verify.
P0112,1,phishing,Final notice: Your account will be closed unless you verify your password at https://www.account-security-alert.com/verify.
L0841,0,legitimate,"Hello team, the weekly project update is attached. Please review it before the meeting."
P0817,1,phishing,Your tax refund is ready. Confirm your bank information at https://www.reward-center-online.com/verify.
L0072,0,legitimate,The department has approved the leave request. Please check the HR portal for the updated balance.
P0906,1,phishing,You have won a $500 gift card. Claim your reward now by visiting https://www.reward-center-online.com/verify.
L0815,0,legitimate,The maintenance team will inspect the office network on Wednesday. No action is required from you.
L1098,0,legitimate,Reminder: your appointment with Student Services is scheduled for Friday at 2:00 PM.
P1138,1,phishing,Your password expires today. Keep your account active by confirming it at https://www.secure-account-check.com/verify.
P0536,1,phishing,Important document: Please review and sign the attached form using https://www.verify-login-now.net/verify.
L0017,0,legitimate,"Hi Meera, here are the notes from yesterday's discussion. Please share any corrections."
L0223,0,legitimate,"Hi Priya, here are the notes from yesterday's discussion. Please share any corrections."
L0972,0,legitimate,"Please find the meeting agenda attached. We will discuss milestones, risks, and next week's tasks."
L0888,0,legitimate,"Hi Meera, the project review is scheduled for Friday at 10:00 AM. Please let me know if you can attend."
L0503,0,legitimate,"Hi everyone, today's training session will begin at 3:30 PM. The meeting link is in the calendar invitation."
P0549,1,phishing,Important document: Please review and sign the attached form using https://www.verify-login-now.net/verify.
L0178,0,legitimate,The finance team has shared the monthly expense report. Please review the figures before Friday.
P0060,1,phishing,Your password expires today. Keep your account active by confirming it at https://www.secure-account-check.com/verify.
L0217,0,legitimate,Your package is ready for pickup at the collection desk during normal working hours.
P0844,1,phishing,Your payment was declined. Update your billing information within 24 hours at https://www.account-security-alert.com/verify.
P1002,1,phishing,Your payment was declined. Update your billing information within 24 hours at https://www.verify-login-now.net/verify.
L0951,0,legitimate,The maintenance team will inspect the office network on Friday. No action is required from you.
P0263,1,phishing,"We noticed a login from a new device. If this was not you, secure your account at https://www.billing-confirmation.net/verify."
P0816,1,phishing,Important document: Please review and sign the attached form using https://www.verify-login-now.net/verify.
L0004,0,legitimate,Reminder: your appointment with Student Services is scheduled for Thursday at 3:30 PM.
P0233,1,phishing,Action required: Your subscription payment failed. Reactivate it immediately at https://www.secure-account-check.com/verify.
L0405,0,legitimate,"Hi Rahul, could you please send the latest version of the report when convenient?"
P0952,1,phishing,Your mailbox is over its storage limit. Login now to prevent email deactivation: https://www.secure-account-check.com/verify.
P0361,1,phishing,Final notice: Your account will be closed unless you verify your password at https://www.reward-center-online.com/verify.
P0238,1,phishing,Congratulations! You have been selected for a cash reward. Submit your details at https://www.billing-confirmation.net/verify.
L0807,0,legitimate,Thanks for your application. We will review your documents and contact you with the next steps.
P0507,1,phishing,Your password expires today. Keep your account active by confirming it at https://www.secure-account-check.com/verify.
L0986,0,legitimate,Your order has been shipped and is expected to arrive on Tuesday. You can track it from your account dashboard.
L0876,0,legitimate,The department has approved the leave request. Please check the HR portal for the updated balance.
P0860,1,phishing,Important document: Please review and sign the attached form using https://www.billing-confirmation.net/verify.
L0313,0,legitimate,"Hi Ananya, the client meeting is scheduled for Friday at 2:00 PM. Please let me know if you can attend."
P0231,1,phishing,Your tax refund is ready. Confirm your bank information at https://www.billing-confirmation.net/verify.
L1061,0,legitimate,The finance team has shared the monthly expense report. Please review the figures before Friday.
L0636,0,legitimate,Your package is ready for pickup at the collection desk during normal working hours.
L0858,0,legitimate,The finance team has shared the monthly expense report. Please review the figures before Friday.
L1161,0,legitimate,"Hi Priya, the weekly sync is scheduled for Wednesday at 10:00 AM. Please let me know if you can attend."
L0411,0,legitimate,Your package is ready for pickup at the collection desk during normal working hours.
P0804,1,phishing,Your employee benefits account requires verification. Sign in at https://www.verify-login-now.net/verify.
P1004,1,phishing,Urgent: Your cloud account has been suspended. Verify your account immediately at https://www.secure-account-check.com/verify.
L0905,0,legitimate,"Hi Meera, could you please send the latest version of the report when convenient?"
L0427,0,legitimate,Thanks for your application. We will review your documents and contact you with the next steps.
L0817,0,legitimate,"Hi Sanjay, here are the notes from yesterday's discussion. Please share any corrections."
P0615,1,phishing,Your employee benefits account requires verification. Sign in at https://www.secure-account-check.com/verify.
L0090,0,legitimate,The department has approved the leave request. Please check the HR portal for the updated balance.
L1010,0,legitimate,The maintenance team will inspect the office network on Wednesday. No action is required from you.
L0117,0,legitimate,Your order has been shipped and is expected to arrive on Tuesday. You can track it from your account dashboard.
L0770,0,legitimate,"Please find the meeting agenda attached. We will discuss milestones, risks, and next week's tasks."
L0214,0,legitimate,Your package is ready for pickup at the collection desk during normal working hours.
P0779,1,phishing,Your mailbox is over its storage limit. Login now to prevent email deactivation: https://www.billing-confirmation.net/verify.
L0976,0,legitimate,Reminder: your appointment with Admissions is scheduled for Wednesday at 11:30 AM.
L0728,0,legitimate,"Hi Akhila, could you please send the latest version of the report when convenient?"
L0288,0,legitimate,Your order has been shipped and is expected to arrive on Friday. You can track it from your account dashboard.
P0365,1,phishing,Congratulations! You have been selected for a cash reward. Submit your details at https://www.account-security-alert.com/verify.
P0428,1,phishing,Security alert: We detected unusual activity on your Microsoft account. Confirm your identity using https://www.account-security-alert.com/verify.
P1005,1,phishing,You are eligible for an exclusive bonus. Click https://www.account-security-alert.com/verify to claim it before midnight.
L0600,0,legitimate,The department has approved the leave request. Please check the HR portal for the updated balance.
P0890,1,phishing,Your password expires today. Keep your account active by confirming it at https://www.reward-center-online.com/verify.
P0007,1,phishing,Action required: Your subscription payment failed. Reactivate it immediately at https://www.secure-account-check.com/verify.
L0889,0,legitimate,"Hi Akhila, could you please send the latest version of the report when convenient?"
P1058,1,phishing,Your password expires today. Keep your account active by confirming it at https://www.account-security-alert.com/verify.
P0182,1,phishing,Your payment was declined. Update your billing information within 24 hours at https://www.reward-center-online.com/verify.
P0407,1,phishing,Final notice: Your account will be closed unless you verify your password at https://www.reward-center-online.com/verify.
L1110,0,legitimate,"Hello team, the weekly project update is attached. Please review it before the meeting."
L0434,0,legitimate,"Hi Akhila, could you please send the latest version of the report when convenient?"
L0504,0,legitimate,"Hi Priya, the weekly sync is scheduled for Wednesday at 11:30 AM. Please let me know if you can attend."
P0384,1,phishing,Your employee benefits account requires verification. Sign in at https://www.reward-center-online.com/verify.
P0993,1,phishing,Final notice: Your account will be closed unless you verify your password at https://www.secure-account-check.com/verify.
L0761,0,legitimate,"Hi everyone, today's training session will begin at 3:30 PM. The meeting link is in the calendar invitation."
L0082,0,legitimate,Thanks for your application. We will review your documents and contact you with the next steps.
P0544,1,phishing,Congratulations! You have been selected for a cash reward. Submit your details at https://www.account-security-alert.com/verify.
L0657,0,legitimate,"Hi everyone, today's training session will begin at 4:00 PM. The meeting link is in the calendar invitation."
P0451,1,phishing,You are eligible for an exclusive bonus. Click https://www.account-security-alert.com/verify to claim it before midnight.
L0596,0,legitimate,The finance team has shared the monthly expense report. Please review the figures before Friday.
L0155,0,legitimate,"Hi Arjun, could you please send the latest version of the report when convenient?"
L0999,0,legitimate,"Hi Priya, here are the notes from yesterday's discussion. Please share any corrections."
P0017,1,phishing,Your password expires today. Keep your account active by confirming it at https://www.billing-confirmation.net/verify.
L0613,0,legitimate,Thank you for contacting support. We have created a ticket and will respond within two business days.
L0614,0,legitimate,"Hello team, the weekly project update is attached. Please review it before the meeting."
P0651,1,phishing,Your mailbox is over its storage limit. Login now to prevent email deactivation: https://www.billing-confirmation.net/verify.
P1068,1,phishing,"We noticed a login from a new device. If this was not you, secure your account at https://www.reward-center-online.com/verify."
P0206,1,phishing,Final notice: Your account will be closed unless you verify your password at https://www.secure-account-check.com/verify.
P0888,1,phishing,Your tax refund is ready. Confirm your bank information at https://www.account-security-alert.com/verify.
L0830,0,legitimate,"Please find the meeting agenda attached. We will discuss milestones, risks, and next week's tasks."
L0129,0,legitimate,Reminder: your appointment with Student Services is scheduled for Friday at 10:00 AM.
L0056,0,legitimate,"Hi Akhila, could you please send the latest version of the report when convenient?"
L0821,0,legitimate,Your package is ready for pickup at the collection desk during normal working hours.
L0988,0,legitimate,"Hi Sanjay, here are the notes from yesterday's discussion. Please share any corrections."
L0768,0,legitimate,The maintenance team will inspect the office network on Tuesday. No action is required from you.
L0314,0,legitimate,"Please find the meeting agenda attached. We will discuss milestones, risks, and next week's tasks."
L0210,0,legitimate,Thank you for contacting support. We have created a ticket and will respond within two business days.
P0321,1,phishing,Important document: Please review and sign the attached form using https://www.secure-account-check.com/verify.
P0670,1,phishing,Action required: Your subscription payment failed. Reactivate it immediately at https://www.account-security-alert.com/verify.
P0153,1,phishing,You are eligible for an exclusive bonus. Click https://www.reward-center-online.com/verify to claim it before midnight.
P0456,1,phishing,Security alert: We detected unusual activity on your cloud account. Confirm your identity using https://www.secure-account-check.com/verify.
P0162,1,phishing,Your payment was declined. Update your billing information within 24 hours at https://www.verify-login-now.net/verify.
P0725,1,phishing,Important document: Please review and sign the attached form using https://www.secure-account-check.com/verify.
P0239,1,phishing,Your mailbox is over its storage limit. Login now to prevent email deactivation: https://www.verify-login-now.net/verify.
L0721,0,legitimate,Your package is ready for pickup at the collection desk during normal working hours.
L0384,0,legitimate,Thanks for your application. We will review your documents and contact you with the next steps.
P0178,1,phishing,Your mailbox is over its storage limit. Login now to prevent email deactivation: https://www.account-security-alert.com/verify.
L0550,0,legitimate,The maintenance team will inspect the office network on Monday. No action is required from you.
L0027,0,legitimate,Reminder: your appointment with Admissions is scheduled for Wednesday at 11:30 AM.
L0843,0,legitimate,The maintenance team will inspect the office network on Wednesday. No action is required from you.
L0790,0,legitimate,"Hi Kiran, could you please send the latest version of the report when convenient?"
P0246,1,phishing,Your employee benefits account requires verification. Sign in at https://www.secure-account-check.com/verify.
L0891,0,legitimate,Thanks for your application. We will review your documents and contact you with the next steps.
P0605,1,phishing,Congratulations! You have been selected for a cash reward. Submit your details at https://www.billing-confirmation.net/verify.
L0638,0,legitimate,The maintenance team will inspect the office network on Friday. No action is required from you.
L0080,0,legitimate,Thank you for contacting support. We have created a ticket and will respond within two business days.
L0948,0,legitimate,Your library book is due on Wednesday. You can renew it through the library portal.
L0126,0,legitimate,The department has approved the leave request. Please check the HR portal for the updated balance.
L0019,0,legitimate,Your library book is due on Tuesday. You can renew it through the library portal.
L1179,0,legitimate,Your order has been shipped and is expected to arrive on Tuesday. You can track it from your account dashboard.
P0578,1,phishing,Important document: Please review and sign the attached form using https://www.verify-login-now.net/verify.
L0491,0,legitimate,Your library book is due on Tuesday. You can renew it through the library portal.
P0757,1,phishing,Your password expires today. Keep your account active by confirming it at https://www.reward-center-online.com/verify.
L1049,0,legitimate,Reminder: your appointment with HR is scheduled for Tuesday at 3:30 PM.
L1022,0,legitimate,Reminder: your appointment with Admissions is scheduled for Friday at 11:30 AM.
P0014,1,phishing,Final notice: Your account will be closed unless you verify your password at https://www.reward-center-online.com/verify.
L0781,0,legitimate,"Please find the meeting agenda attached. We will discuss milestones, risks, and next week's tasks."
L0109,0,legitimate,"Hi everyone, today's training session will begin at 2:00 PM. The meeting link is in the calendar invitation."
L1032,0,legitimate,"Hi Sanjay, here are the notes from yesterday's discussion. Please share any corrections."
P0082,1,phishing,"We noticed a login from a new device. If this was not you, secure your account at https://www.account-security-alert.com/verify."
L0327,0,legitimate,Your package is ready for pickup at the collection desk during normal working hours.
P0346,1,phishing,Security alert: We detected unusual activity on your Office 365 account. Confirm your identity using https://www.verify-login-now.net/verify.
L0874,0,legitimate,Thank you for contacting support. We have created a ticket and will respond within two business days.
L1125,0,legitimate,The department has approved the leave request. Please check the HR portal for the updated balance.
P0424,1,phishing,Congratulations! You have been selected for a cash reward. Submit your details at https://www.account-security-alert.com/verify.
P0197,1,phishing,Your tax refund is ready. Confirm your bank information at https://www.billing-confirmation.net/verify.
P0289,1,phishing,You are eligible for an exclusive bonus. Click https://www.secure-account-check.com/verify to claim it before midnight.
L0750,0,legitimate,"Hi everyone, today's training session will begin at 10:00 AM. The meeting link is in the calendar invitation."
L0731,0,legitimate,"Hi everyone, today's training session will begin at 11:30 AM. The meeting link is in the calendar invitation."
L0174,0,legitimate,"Hi Sanjay, the design review is scheduled for Friday at 4:00 PM. Please let me know if you can attend."
L0246,0,legitimate,Your library book is due on Friday. You can renew it through the library portal.
L0879,0,legitimate,"Hi Meera, here are the notes from yesterday's discussion. Please share any corrections."
L0892,0,legitimate,The maintenance team will inspect the office network on Friday. No action is required from you.
L0578,0,legitimate,"Hi Sanjay, here are the notes from yesterday's discussion. Please share any corrections."
L0035,0,legitimate,"Hi Rahul, the project review is scheduled for Thursday at 11:30 AM. Please let me know if you can attend."
P0997,1,phishing,Final notice: Your account will be closed unless you verify your password at https://www.reward-center-online.com/verify.
P0561,1,phishing,Your mailbox is over its storage limit. Login now to prevent email deactivation: https://www.account-security-alert.com/verify.
L1146,0,legitimate,Reminder: your appointment with Admissions is scheduled for Monday at 11:30 AM.
P0243,1,phishing,Important document: Please review and sign the attached form using https://www.reward-center-online.com/verify.
P0340,1,phishing,Your password expires today. Keep your account active by confirming it at https://www.billing-confirmation.net/verify.
P0584,1,phishing,You are eligible for an exclusive bonus. Click https://www.secure-account-check.com/verify to claim it before midnight.
P0712,1,phishing,Final notice: Your account will be closed unless you verify your password at https://www.billing-confirmation.net/verify.
P0204,1,phishing,Final notice: Your account will be closed unless you verify your password at https://www.account-security-alert.com/verify.
L0732,0,legitimate,Your order has been shipped and is expected to arrive on Thursday. You can track it from your account dashboard.
P1178,1,phishing,Action required: Your subscription payment failed. Reactivate it immediately at https://www.account-security-alert.com/verify.
L0361,0,legitimate,The maintenance team will inspect the office network on Monday. No action is required from you.
P1064,1,phishing,You are eligible for an exclusive bonus. Click https://www.billing-confirmation.net/verify to claim it before midnight.
P0882,1,phishing,Congratulations! You have been selected for a cash reward. Submit your details at https://www.billing-confirmation.net/verify.
L1195,0,legitimate,Your order has been shipped and is expected to arrive on Friday. You can track it from your account dashboard.
L0226,0,legitimate,Thank you for contacting support. We have created a ticket and will respond within two business days.
L0194,0,legitimate,"Please find the meeting agenda attached. We will discuss milestones, risks, and next week's tasks."
L1018,0,legitimate,Your library book is due on Friday. You can renew it through the library portal.
P0653,1,phishing,Final notice: Your account will be closed unless you verify your password at https://www.account-security-alert.com/verify.
L0353,0,legitimate,"Please find the meeting agenda attached. We will discuss milestones, risks, and next week's tasks."
P0662,1,phishing,"We noticed a login from a new device. If this was not you, secure your account at https://www.verify-login-now.net/verify."
L0958,0,legitimate,"Hi Sanjay, could you please send the latest version of the report when convenient?"
L0196,0,legitimate,"Hi Arjun, the weekly sync is scheduled for Wednesday at 2:00 PM. Please let me know if you can attend."
L1074,0,legitimate,"Please find the meeting agenda attached. We will discuss milestones, risks, and next week's tasks."
L0228,0,legitimate,The maintenance team will inspect the office network on Friday. No action is required from you.
L0767,0,legitimate,The department has approved the leave request. Please check the HR portal for the updated balance.
L0562,0,legitimate,"Hi Priya, here are the notes from yesterday's discussion. Please share any corrections."
L0973,0,legitimate,"Hi Akhila, here are the notes from yesterday's discussion. Please share any corrections."
P0099,1,phishing,Your password expires today. Keep your account active by confirming it at https://www.reward-center-online.com/verify.
L0326,0,legitimate,Thank you for contacting support. We have created a ticket and will respond within two business days.
L0529,0,legitimate,Thanks for your application. We will review your documents and contact you with the next steps.
P0609,1,phishing,Action required: Your subscription payment failed. Reactivate it immediately at https://www.secure-account-check.com/verify.
L0698,0,legitimate,The finance team has shared the monthly expense report. Please review the figures before Friday.
P0199,1,phishing,Final notice: Your account will be closed unless you verify your password at https://www.verify-login-now.net/verify.
L0387,0,legitimate,The finance team has shared the monthly expense report. Please review the figures before Friday.
L0360,0,legitimate,"Hi Sanjay, the client meeting is scheduled for Wednesday at 3:30 PM. Please let me know if you can attend."
P1042,1,phishing,Your tax refund is ready. Confirm your bank information at https://www.billing-confirmation.net/verify.
P0362,1,phishing,Security alert: We detected unusual activity on your banking account. Confirm your identity using https://www.verify-login-now.net/verify.
L0436,0,legitimate,The finance team has shared the monthly expense report. Please review the figures before Friday.
P0657,1,phishing,You are eligible for an exclusive bonus. Click https://www.billing-confirmation.net/verify to claim it before midnight.
L0344,0,legitimate,The department has approved the leave request. Please check the HR portal for the updated balance.
P0929,1,phishing,You are eligible for an exclusive bonus. Click https://www.reward-center-online.com/verify to claim it before midnight.
P0758,1,phishing,Security alert: We detected unusual activity on your Google account. Confirm your identity using https://www.account-security-alert.com/verify.
L0015,0,legitimate,"Hi Akhila, could you please send the latest version of the report when convenient?"
L0016,0,legitimate,"Hi everyone, today's training session will begin at 2:00 PM. The meeting link is in the calendar invitation."
P0016,1,phishing,Important document: Please review and sign the attached form using https://www.secure-account-check.com/verify.
P0312,1,phishing,Your mailbox is over its storage limit. Login now to prevent email deactivation: https://www.reward-center-online.com/verify.
P0172,1,phishing,Important document: Please review and sign the attached form using https://www.verify-login-now.net/verify.
P1044,1,phishing,Your payment was declined. Update your billing information within 24 hours at https://www.account-security-alert.com/verify.
L0981,0,legitimate,"Hi everyone, today's training session will begin at 10:00 AM. The meeting link is in the calendar invitation."
P0376,1,phishing,Congratulations! You have been selected for a cash reward. Submit your details at https://www.account-security-alert.com/verify.
L0868,0,legitimate,"Hi everyone, today's training session will begin at 3:30 PM. The meeting link is in the calendar invitation."
L1086,0,legitimate,Thank you for contacting support. We have created a ticket and will respond within two business days.
L0824,0,legitimate,"Hi Meera, the project review is scheduled for Tuesday at 2:00 PM. Please let me know if you can attend."
P0893,1,phishing,Urgent: Your PayPal account has been suspended. Verify your account immediately at https://www.verify-login-now.net/verify.
P0922,1,phishing,Security alert: We detected unusual activity on your banking account. Confirm your identity using https://www.verify-login-now.net/verify.
P0838,1,phishing,Important document: Please review and sign the attached form using https://www.reward-center-online.com/verify.
L0114,0,legitimate,Thanks for your application. We will review your documents and contact you with the next steps.
L0786,0,legitimate,"Hi Priya, the design review is scheduled for Tuesday at 2:00 PM. Please let me know if you can attend."
P0152,1,phishing,Your password expires today. Keep your account active by confirming it at https://www.billing-confirmation.net/verify.
L0714,0,legitimate,The maintenance team will inspect the office network on Tuesday. No action is required from you.
L0666,0,legitimate,Thank you for contacting support. We have created a ticket and will respond within two business days.
L0332,0,legitimate,The finance team has shared the monthly expense report. Please review the figures before Friday.
L0012,0,legitimate,The department has approved the leave request. Please check the HR portal for the updated balance.
L0062,0,legitimate,Your library book is due on Monday. You can renew it through the library portal.
P0690,1,phishing,Your employee benefits account requires verification. Sign in at https://www.billing-confirmation.net/verify.
P0244,1,phishing,Your employee benefits account requires verification. Sign in at https://www.billing-confirmation.net/verify.
L0187,0,legitimate,Your order has been shipped and is expected to arrive on Monday. You can track it from your account dashboard.
L0885,0,legitimate,The maintenance team will inspect the office network on Monday. No action is required from you.
P1141,1,phishing,Important document: Please review and sign the attached form using https://www.account-security-alert.com/verify.
P0824,1,phishing,Action required: Your subscription payment failed. Reactivate it immediately at https://www.secure-account-check.com/verify.
P0262,1,phishing,Your password expires today. Keep your account active by confirming it at https://www.verify-login-now.net/verify.
P0726,1,phishing,Action required: Your subscription payment failed. Reactivate it immediately at https://www.reward-center-online.com/verify.
P0865,1,phishing,Action required: Your subscription payment failed. Reactivate it immediately at https://www.verify-login-now.net/verify.
L0316,0,legitimate,Reminder: your appointment with Admissions is scheduled for Friday at 10:00 AM.
P1085,1,phishing,Security alert: We detected unusual activity on your banking account. Confirm your identity using https://www.secure-account-check.com/verify.
L1044,0,legitimate,"Hi Priya, could you please send the latest version of the report when convenient?"
P0272,1,phishing,Your password expires today. Keep your account active by confirming it at https://www.reward-center-online.com/verify.
L0528,0,legitimate,The department has approved the leave request. Please check the HR portal for the updated balance.
L0087,0,legitimate,"Hi everyone, today's training session will begin at 2:00 PM. The meeting link is in the calendar invitation."
L0639,0,legitimate,Thanks for your application. We will review your documents and contact you with the next steps.
L0499,0,legitimate,The finance team has shared the monthly expense report. Please review the figures before Friday.
L0363,0,legitimate,"Hi everyone, today's training session will begin at 2:00 PM. The meeting link is in the calendar invitation."
P0259,1,phishing,Your password expires today. Keep your account active by confirming it at https://www.verify-login-now.net/verify.
L0587,0,legitimate,The department has approved the leave request. Please check the HR portal for the updated balance.
L0850,0,legitimate,"Hi everyone, today's training session will begin at 2:00 PM. The meeting link is in the calendar invitation."
P1136,1,phishing,Your tax refund is ready. Confirm your bank information at https://www.reward-center-online.com/verify.
P0540,1,phishing,Your payment was declined. Update your billing information within 24 hours at https://www.account-security-alert.com/verify.
L0113,0,legitimate,Your package is ready for pickup at the collection desk during normal working hours.
P0248,1,phishing,You are eligible for an exclusive bonus. Click https://www.secure-account-check.com/verify to claim it before midnight.
P0342,1,phishing,"We noticed a login from a new device. If this was not you, secure your account at https://www.secure-account-check.com/verify."
L0299,0,legitimate,"Hi everyone, today's training session will begin at 4:00 PM. The meeting link is in the calendar invitation."
L0541,0,legitimate,Thanks for your application. We will review your documents and contact you with the next steps.
L0249,0,legitimate,Thanks for your application. We will review your documents and contact you with the next steps.
P0406,1,phishing,Your mailbox is over its storage limit. Login now to prevent email deactivation: https://www.reward-center-online.com/verify.
L0863,0,legitimate,Your library book is due on Thursday. You can renew it through the library portal.
L0733,0,legitimate,The finance team has shared the monthly expense report. Please review the figures before Friday.
L0806,0,legitimate,"Hi Meera, could you please send the latest version of the report when convenient?"
P1035,1,phishing,You are eligible for an exclusive bonus. Click https://www.reward-center-online.com/verify to claim it before midnight.
P0863,1,phishing,You have won a free smartphone. Claim your reward now by visiting https://www.reward-center-online.com/verify.
L0259,0,legitimate,"Please find the meeting agenda attached. We will discuss milestones, risks, and next week's tasks."
P0167,1,phishing,Your mailbox is over its storage limit. Login now to prevent email deactivation: https://www.secure-account-check.com/verify.
L0465,0,legitimate,Thanks for your application. We will review your documents and contact you with the next steps.
P0643,1,phishing,Important document: Please review and sign the attached form using https://www.billing-confirmation.net/verify.
L1069,0,legitimate,The maintenance team will inspect the office network on Friday. No action is required from you.
P0588,1,phishing,Your payment was declined. Update your billing information within 24 hours at https://www.billing-confirmation.net/verify.
P0534,1,phishing,Security alert: We detected unusual activity on your Google account. Confirm your identity using https://www.secure-account-check.com/verify.
L1062,0,legitimate,"Hi everyone, today's training session will begin at 4:00 PM. The meeting link is in the calendar invitation."
L0468,0,legitimate,"Hello team, the weekly project update is attached. Please review it before the meeting."
L0918,0,legitimate,"Hi everyone, today's training session will begin at 2:00 PM. The meeting link is in the calendar invitation."
P0835,1,phishing,"We noticed a login from a new device. If this was not you, secure your account at https://www.secure-account-check.com/verify."
P0502,1,phishing,Final notice: Your account will be closed unless you verify your password at https://www.account-security-alert.com/verify.
P1102,1,phishing,Your tax refund is ready. Confirm your bank information at https://www.billing-confirmation.net/verify.
L0536,0,legitimate,Reminder: your appointment with HR is scheduled for Monday at 10:00 AM.
P1167,1,phishing,Your tax refund is ready. Confirm your bank information at https://www.secure-account-check.com/verify.
P0471,1,phishing,Action required: Your subscription payment failed. Reactivate it immediately at https://www.account-security-alert.com/verify.
P0858,1,phishing,Your password expires today. Keep your account active by confirming it at https://www.reward-center-online.com/verify.
P0920,1,phishing,Your payment was declined. Update your billing information within 24 hours at https://www.billing-confirmation.net/verify.
L1115,0,legitimate,The department has approved the leave request. Please check the HR portal for the updated balance.
L0040,0,legitimate,Your order has been shipped and is expected to arrive on Tuesday. You can track it from your account dashboard.
P0992,1,phishing,Your mailbox is over its storage limit. Login now to prevent email deactivation: https://www.secure-account-check.com/verify.
L0124,0,legitimate,"Hello team, the weekly project update is attached. Please review it before the meeting."
L0745,0,legitimate,"Hi everyone, today's training session will begin at 4:00 PM. The meeting link is in the calendar invitation."
P1036,1,phishing,Your employee benefits account requires verification. Sign in at https://www.secure-account-check.com/verify.
P1148,1,phishing,Action required: Your subscription payment failed. Reactivate it immediately at https://www.verify-login-now.net/verify.
L0489,0,legitimate,Your order has been shipped and is expected to arrive on Monday. You can track it from your account dashboard.
P0164,1,phishing,Congratulations! You have been selected for a cash reward. Submit your details at https://www.account-security-alert.com/verify.
L0476,0,legitimate,"Hi Akhila, the design review is scheduled for Monday at 2:00 PM. Please let me know if you can attend."
L0880,0,legitimate,"Hello team, the weekly project update is attached. Please review it before the meeting."
P0912,1,phishing,Important document: Please review and sign the attached form using https://www.reward-center-online.com/verify.
P0494,1,phishing,"We noticed a login from a new device. If this was not you, secure your account at https://www.reward-center-online.com/verify."
L0646,0,legitimate,The maintenance team will inspect the office network on Tuesday. No action is required from you.
P0645,1,phishing,You have won a shopping voucher. Claim your reward now by visiting https://www.secure-account-check.com/verify.
P0934,1,phishing,You are eligible for an exclusive bonus. Click https://www.verify-login-now.net/verify to claim it before midnight.
L0382,0,legitimate,"Hello team, the weekly project update is attached. Please review it before the meeting."
P0742,1,phishing,Your password expires today. Keep your account active by confirming it at https://www.secure-account-check.com/verify.
L0882,0,legitimate,"Hi Priya, here are the notes from yesterday's discussion. Please share any corrections."
P0674,1,phishing,Your employee benefits account requires verification. Sign in at https://www.secure-account-check.com/verify.
P0500,1,phishing,Your payment was declined. Update your billing information within 24 hours at https://www.verify-login-now.net/verify.
L1053,0,legitimate,The finance team has shared the monthly expense report. Please review the figures before Friday.
L1021,0,legitimate,Your library book is due on Friday. You can renew it through the library portal.
P0400,1,phishing,Security alert: We detected unusual activity on your Office 365 account. Confirm your identity using https://www.secure-account-check.com/verify.
P0552,1,phishing,"We noticed a login from a new device. If this was not you, secure your account at https://www.billing-confirmation.net/verify."
L0227,0,legitimate,"Hi Priya, here are the notes from yesterday's discussion. Please share any corrections."
P0904,1,phishing,"We noticed a login from a new device. If this was not you, secure your account at https://www.secure-account-check.com/verify."
P1066,1,phishing,Your employee benefits account requires verification. Sign in at https://www.secure-account-check.com/verify.
P1075,1,phishing,You have won a free smartphone. Claim your reward now by visiting https://www.billing-confirmation.net/verify.
P0968,1,phishing,You have won a $500 gift card. Claim your reward now by visiting https://www.reward-center-online.com/verify.
L0653,0,legitimate,Your package is ready for pickup at the collection desk during normal working hours.
L0583,0,legitimate,"Hi Priya, could you please send the latest version of the report when convenient?"
L1071,0,legitimate,"Hi Sanjay, the client meeting is scheduled for Tuesday at 3:30 PM. Please let me know if you can attend."
P0249,1,phishing,Your employee benefits account requires verification. Sign in at https://www.verify-login-now.net/verify.
P1104,1,phishing,Your mailbox is over its storage limit. Login now to prevent email deactivation: https://www.secure-account-check.com/verify.
P0857,1,phishing,You have won a free smartphone. Claim your reward now by visiting https://www.account-security-alert.com/verify.
P1123,1,phishing,Security alert: We detected unusual activity on your cloud account. Confirm your identity using https://www.billing-confirmation.net/verify.
L1152,0,legitimate,The department has approved the leave request. Please check the HR portal for the updated balance.
P1177,1,phishing,Important document: Please review and sign the attached form using https://www.reward-center-online.com/verify.
L0395,0,legitimate,"Hi everyone, today's training session will begin at 11:30 AM. The meeting link is in the calendar invitation."
P1158,1,phishing,Your tax refund is ready. Confirm your bank information at https://www.verify-login-now.net/verify.
L0346,0,legitimate,The maintenance team will inspect the office network on Thursday. No action is required from you.
L0206,0,legitimate,Your library book is due on Wednesday. You can renew it through the library portal.
L1159,0,legitimate,"Hi Priya, the weekly sync is scheduled for Friday at 10:00 AM. Please let me know if you can attend."
L0130,0,legitimate,"Hi everyone, today's training session will begin at 10:00 AM. The meeting link is in the calendar invitation."
L0678,0,legitimate,Reminder: your appointment with Student Services is scheduled for Wednesday at 2:00 PM.
L0177,0,legitimate,Your library book is due on Monday. You can renew it through the library portal.
L0792,0,legitimate,Your order has been shipped and is expected to arrive on Thursday. You can track it from your account dashboard.
L0547,0,legitimate,Your order has been shipped and is expected to arrive on Friday. You can track it from your account dashboard.
L0916,0,legitimate,Thank you for contacting support. We have created a ticket and will respond within two business days.
L1128,0,legitimate,"Hi Kiran, the team meeting is scheduled for Monday at 2:00 PM. Please let me know if you can attend."
P0441,1,phishing,You have won a $500 gift card. Claim your reward now by visiting https://www.secure-account-check.com/verify.
P0705,1,phishing,Your payment was declined. Update your billing information within 24 hours at https://www.verify-login-now.net/verify.
L0886,0,legitimate,The finance team has shared the monthly expense report. Please review the figures before Friday.
P1041,1,phishing,Action required: Your subscription payment failed. Reactivate it immediately at https://www.billing-confirmation.net/verify.
L1000,0,legitimate,"Hello team, the weekly project update is attached. Please review it before the meeting."
P0642,1,phishing,"We noticed a login from a new device. If this was not you, secure your account at https://www.secure-account-check.com/verify."
P0434,1,phishing,Your mailbox is over its storage limit. Login now to prevent email deactivation: https://www.secure-account-check.com/verify.
L1050,0,legitimate,"Hi everyone, today's training session will begin at 10:00 AM. The meeting link is in the calendar invitation."
L0706,0,legitimate,Your package is ready for pickup at the collection desk during normal working hours.
L1077,0,legitimate,"Hello team, the weekly project update is attached. Please review it before the meeting."
L0903,0,legitimate,"Hi Arjun, could you please send the latest version of the report when convenient?"
P0308,1,phishing,You are eligible for an exclusive bonus. Click https://www.billing-confirmation.net/verify to claim it before midnight.
P0596,1,phishing,Congratulations! You have been selected for a cash reward. Submit your details at https://www.billing-confirmation.net/verify.
L0216,0,legitimate,"Hi everyone, today's training session will begin at 3:30 PM. The meeting link is in the calendar invitation."
P0755,1,phishing,Action required: Your subscription payment failed. Reactivate it immediately at https://www.account-security-alert.com/verify.
P0329,1,phishing,Your tax refund is ready. Confirm your bank information at https://www.secure-account-check.com/verify.
L1109,0,legitimate,"Please find the meeting agenda attached. We will discuss milestones, risks, and next week's tasks."
L0729,0,legitimate,"Please find the meeting agenda attached. We will discuss milestones, risks, and next week's tasks."
L0991,0,legitimate,The maintenance team will inspect the office network on Thursday. No action is required from you.
P0964,1,phishing,Your employee benefits account requires verification. Sign in at https://www.secure-account-check.com/verify.
L1081,0,legitimate,"Hi Meera, could you please send the latest version of the report when convenient?"
L0136,0,legitimate,"Hi Rahul, here are the notes from yesterday's discussion. Please share any corrections."
L0627,0,legitimate,"Hi Ananya, here are the notes from yesterday's discussion. Please share any corrections."
P0687,1,phishing,Urgent: Your Microsoft account has been suspended. Verify your account immediately at https://www.billing-confirmation.net/verify.
P0738,1,phishing,Your mailbox is over its storage limit. Login now to prevent email deactivation: https://www.verify-login-now.net/verify.
L0985,0,legitimate,Reminder: your appointment with Student Services is scheduled for Thursday at 3:30 PM.
P0669,1,phishing,Security alert: We detected unusual activity on your Google account. Confirm your identity using https://www.verify-login-now.net/verify.
P0051,1,phishing,Security alert: We detected unusual activity on your Office 365 account. Confirm your identity using https://www.secure-account-check.com/verify.
P0294,1,phishing,Your employee benefits account requires verification. Sign in at https://www.account-security-alert.com/verify.
P0580,1,phishing,Action required: Your subscription payment failed. Reactivate it immediately at https://www.account-security-alert.com/verify.
P0874,1,phishing,Action required: Your subscription payment failed. Reactivate it immediately at https://www.reward-center-online.com/verify.
L0115,0,legitimate,"Hi Priya, could you please send the latest version of the report when convenient?"
L1113,0,legitimate,Thank you for contacting support. We have created a ticket and will respond within two business days.
P0852,1,phishing,Action required: Your subscription payment failed. Reactivate it immediately at https://www.verify-login-now.net/verify.
L1191,0,legitimate,"Hi Akhila, the client meeting is scheduled for Monday at 2:00 PM. Please let me know if you can attend."
P0761,1,phishing,"We noticed a login from a new device. If this was not you, secure your account at https://www.reward-center-online.com/verify."
L1035,0,legitimate,Thanks for your application. We will review your documents and contact you with the next steps.
P0668,1,phishing,Urgent: Your company account has been suspended. Verify your account immediately at https://www.verify-login-now.net/verify.
P0418,1,phishing,Your payment was declined. Update your billing information within 24 hours at https://www.verify-login-now.net/verify.
P0486,1,phishing,You are eligible for an exclusive bonus. Click https://www.secure-account-check.com/verify to claim it before midnight.
L0211,0,legitimate,Thanks for your application. We will review your documents and contact you with the next steps.
P1047,1,phishing,Your mailbox is over its storage limit. Login now to prevent email deactivation: https://www.account-security-alert.com/verify.
P0232,1,phishing,Action required: Your subscription payment failed. Reactivate it immediately at https://www.billing-confirmation.net/verify.
L0271,0,legitimate,"Please find the meeting agenda attached. We will discuss milestones, risks, and next week's tasks."
L0730,0,legitimate,The finance team has shared the monthly expense report. Please review the figures before Friday.
P0159,1,phishing,Your password expires today. Keep your account active by confirming it at https://www.verify-login-now.net/verify.
L0318,0,legitimate,Your package is ready for pickup at the collection desk during normal working hours.
L0431,0,legitimate,Reminder: your appointment with Accounts is scheduled for Wednesday at 11:30 AM.
P0481,1,phishing,Urgent: Your Google account has been suspended. Verify your account immediately at https://www.billing-confirmation.net/verify.
L0030,0,legitimate,Thank you for contacting support. We have created a ticket and will respond within two business days.
P0092,1,phishing,You are eligible for an exclusive bonus. Click https://www.verify-login-now.net/verify to claim it before midnight.
L0890,0,legitimate,"Please find the meeting agenda attached. We will discuss milestones, risks, and next week's tasks."
L1126,0,legitimate,"Hi Arjun, could you please send the latest version of the report when convenient?"
L0190,0,legitimate,Thank you for contacting support. We have created a ticket and will respond within two business days.
P0034,1,phishing,Your employee benefits account requires verification. Sign in at https://www.reward-center-online.com/verify.
P0528,1,phishing,Urgent: Your Microsoft account has been suspended. Verify your account immediately at https://www.billing-confirmation.net/verify.
L0726,0,legitimate,Thank you for contacting support. We have created a ticket and will respond within two business days.
P0125,1,phishing,Action required: Your subscription payment failed. Reactivate it immediately at https://www.billing-confirmation.net/verify.
L0610,0,legitimate,Your order has been shipped and is expected to arrive on Monday. You can track it from your account dashboard.
L0317,0,legitimate,"Please find the meeting agenda attached. We will discuss milestones, risks, and next week's tasks."
L0507,0,legitimate,"Hi everyone, today's training session will begin at 3:30 PM. The meeting link is in the calendar invitation."
P0650,1,phishing,Important document: Please review and sign the attached form using https://www.account-security-alert.com/verify.
P1188,1,phishing,Your employee benefits account requires verification. Sign in at https://www.secure-account-check.com/verify.
L0370,0,legitimate,The department has approved the leave request. Please check the HR portal for the updated balance.
P1038,1,phishing,Important document: Please review and sign the attached form using https://www.account-security-alert.com/verify.
L0202,0,legitimate,"Hi Priya, could you please send the latest version of the report when convenient?"
L0343,0,legitimate,Thank you for contacting support. We have created a ticket and will respond within two business days.
P0079,1,phishing,Urgent: Your Microsoft account has been suspended. Verify your account immediately at https://www.billing-confirmation.net/verify.
L0141,0,legitimate,"Please find the meeting agenda attached. We will discuss milestones, risks, and next week's tasks."
L1040,0,legitimate,"Hello team, the weekly project update is attached. Please review it before the meeting."
P0477,1,phishing,Your employee benefits account requires verification. Sign in at https://www.account-security-alert.com/verify.
P0102,1,phishing,You have won a free smartphone. Claim your reward now by visiting https://www.secure-account-check.com/verify.
L0759,0,legitimate,"Hi everyone, today's training session will begin at 10:00 AM. The meeting link is in the calendar invitation."
L0066,0,legitimate,The finance team has shared the monthly expense report. Please review the figures before Friday.
P0301,1,phishing,Your payment was declined. Update your billing information within 24 hours at https://www.billing-confirmation.net/verify.
L0763,0,legitimate,"Hi Rahul, the client meeting is scheduled for Wednesday at 3:30 PM. Please let me know if you can attend."
L1084,0,legitimate,Your package is ready for pickup at the collection desk during normal working hours.
L0452,0,legitimate,The finance team has shared the monthly expense report. Please review the figures before Friday.
L0591,0,legitimate,Thanks for your application. We will review your documents and contact you with the next steps.
L0414,0,legitimate,"Hi everyone, today's training session will begin at 11:30 AM. The meeting link is in the calendar invitation."
P0532,1,phishing,Final notice: Your account will be closed unless you verify your password at https://www.billing-confirmation.net/verify.
P0566,1,phishing,Your employee benefits account requires verification. Sign in at https://www.billing-confirmation.net/verify.
P0529,1,phishing,Final notice: Your account will be closed unless you verify your password at https://www.billing-confirmation.net/verify.
P0369,1,phishing,"We noticed a login from a new device. If this was not you, secure your account at https://www.secure-account-check.com/verify."
L1027,0,legitimate,The department has approved the leave request. Please check the HR portal for the updated balance.
L0684,0,legitimate,Reminder: your appointment with IT Support is scheduled for Thursday at 3:30 PM.
L0432,0,legitimate,The department has approved the leave request. Please check the HR portal for the updated balance.
L0404,0,legitimate,The finance team has shared the monthly expense report. Please review the figures before Friday.
L0909,0,legitimate,Your order has been shipped and is expected to arrive on Monday. You can track it from your account dashboard.
P0567,1,phishing,You have won a free smartphone. Claim your reward now by visiting https://www.reward-center-online.com/verify.
P0163,1,phishing,Final notice: Your account will be closed unless you verify your password at https://www.account-security-alert.com/verify.
L0987,0,legitimate,"Hello team, the weekly project update is attached. Please review it before the meeting."
P0120,1,phishing,Security alert: We detected unusual activity on your Office 365 account. Confirm your identity using https://www.reward-center-online.com/verify.
L1089,0,legitimate,Thanks for your application. We will review your documents and contact you with the next steps.
P0447,1,phishing,"We noticed a login from a new device. If this was not you, secure your account at https://www.secure-account-check.com/verify."
L0659,0,legitimate,"Hi Kiran, the design review is scheduled for Tuesday at 4:00 PM. Please let me know if you can attend."
L0107,0,legitimate,"Hi everyone, today's training session will begin at 4:00 PM. The meeting link is in the calendar invitation."
L0826,0,legitimate,"Hi Ananya, here are the notes from yesterday's discussion. Please share any corrections."
P0735,1,phishing,Your payment was declined. Update your billing information within 24 hours at https://www.secure-account-check.com/verify.
P0076,1,phishing,Your password expires today. Keep your account active by confirming it at https://www.secure-account-check.com/verify.
P0956,1,phishing,You are eligible for an exclusive bonus. Click https://www.account-security-alert.com/verify to claim it before midnight.
L0778,0,legitimate,"Hi Ananya, here are the notes from yesterday's discussion. Please share any corrections."
L1101,0,legitimate,"Hi Kiran, the team meeting is scheduled for Thursday at 3:30 PM. Please let me know if you can attend."
P0036,1,phishing,"We noticed a login from a new device. If this was not you, secure your account at https://www.billing-confirmation.net/verify."
P0948,1,phishing,Security alert: We detected unusual activity on your banking account. Confirm your identity using https://www.account-security-alert.com/verify.
L0899,0,legitimate,The finance team has shared the monthly expense report. Please review the figures before Friday.
P0367,1,phishing,Security alert: We detected unusual activity on your Amazon account. Confirm your identity using https://www.reward-center-online.com/verify.
P0542,1,phishing,You are eligible for an exclusive bonus. Click https://www.reward-center-online.com/verify to claim it before midnight.
L0667,0,legitimate,The maintenance team will inspect the office network on Friday. No action is required from you.
L0154,0,legitimate,Your library book is due on Tuesday. You can renew it through the library portal.
P1165,1,phishing,Your employee benefits account requires verification. Sign in at https://www.secure-account-check.com/verify.
P0629,1,phishing,Your payment was declined. Update your billing information within 24 hours at https://www.billing-confirmation.net/verify.
P0255,1,phishing,Your payment was declined. Update your billing information within 24 hours at https://www.verify-login-now.net/verify.
P0026,1,phishing,"We noticed a login from a new device. If this was not you, secure your account at https://www.verify-login-now.net/verify."
L0486,0,legitimate,Reminder: your appointment with HR is scheduled for Wednesday at 4:00 PM.
L0549,0,legitimate,"Please find the meeting agenda attached. We will discuss milestones, risks, and next week's tasks."
P0514,1,phishing,Your mailbox is over its storage limit. Login now to prevent email deactivation: https://www.account-security-alert.com/verify.
L0151,0,legitimate,"Hi Arjun, the design review is scheduled for Monday at 3:30 PM. Please let me know if you can attend."
P0551,1,phishing,Congratulations! You have been selected for a cash reward. Submit your details at https://www.billing-confirmation.net/verify.
P0741,1,phishing,Final notice: Your account will be closed unless you verify your password at https://www.secure-account-check.com/verify.
L0296,0,legitimate,Reminder: your appointment with HR is scheduled for Monday at 4:00 PM.
L0464,0,legitimate,Your package is ready for pickup at the collection desk during normal working hours.
P0080,1,phishing,Action required: Your subscription payment failed. Reactivate it immediately at https://www.account-security-alert.com/verify.
P0809,1,phishing,"You have won a $1,000 bonus. Claim your reward now by visiting https://www.secure-account-check.com/verify."
P1170,1,phishing,Your employee benefits account requires verification. Sign in at https://www.account-security-alert.com/verify.
P0692,1,phishing,"We noticed a login from a new device. If this was not you, secure your account at https://www.reward-center-online.com/verify."
L1029,0,legitimate,"Hi Meera, here are the notes from yesterday's discussion. Please share any corrections."
P1112,1,phishing,You have won a free smartphone. Claim your reward now by visiting https://www.account-security-alert.com/verify.
L0441,0,legitimate,Thanks for your application. We will review your documents and contact you with the next steps.
P0176,1,phishing,Security alert: We detected unusual activity on your PayPal account. Confirm your identity using https://www.secure-account-check.com/verify.
P0562,1,phishing,Important document: Please review and sign the attached form using https://www.account-security-alert.com/verify.
L0620,0,legitimate,The finance team has shared the monthly expense report. Please review the figures before Friday.
P0575,1,phishing,Final notice: Your account will be closed unless you verify your password at https://www.secure-account-check.com/verify.
P0032,1,phishing,Security alert: We detected unusual activity on your company account. Confirm your identity using https://www.billing-confirmation.net/verify.
P0271,1,phishing,Your password expires today. Keep your account active by confirming it at https://www.account-security-alert.com/verify.
L0644,0,legitimate,Reminder: your appointment with Student Services is scheduled for Wednesday at 11:30 AM.
P0958,1,phishing,Action required: Your subscription payment failed. Reactivate it immediately at https://www.verify-login-now.net/verify.
L1003,0,legitimate,"Hi Arjun, here are the notes from yesterday's discussion. Please share any corrections."
P0333,1,phishing,Congratulations! You have been selected for a cash reward. Submit your details at https://www.secure-account-check.com/verify.
L1181,0,legitimate,The department has approved the leave request. Please check the HR portal for the updated balance.
P1063,1,phishing,Action required: Your subscription payment failed. Reactivate it immediately at https://www.secure-account-check.com/verify.
L0446,0,legitimate,The finance team has shared the monthly expense report. Please review the figures before Friday.
L0758,0,legitimate,Thanks for your application. We will review your documents and contact you with the next steps.
P1173,1,phishing,Your employee benefits account requires verification. Sign in at https://www.billing-confirmation.net/verify.
L1145,0,legitimate,The maintenance team will inspect the office network on Thursday. No action is required from you.
P0950,1,phishing,Your mailbox is over its storage limit. Login now to prevent email deactivation: https://www.billing-confirmation.net/verify.
P1096,1,phishing,Security alert: We detected unusual activity on your company account. Confirm your identity using https://www.billing-confirmation.net/verify.
P0589,1,phishing,You have won a shopping voucher. Claim your reward now by visiting https://www.account-security-alert.com/verify.
L0189,0,legitimate,Your library book is due on Tuesday. You can renew it through the library portal.
L0278,0,legitimate,Reminder: your appointment with Admissions is scheduled for Friday at 2:00 PM.
L1130,0,legitimate,Thanks for your application. We will review your documents and contact you with the next steps.
P1134,1,phishing,Your employee benefits account requires verification. Sign in at https://www.verify-login-now.net/verify.
P0224,1,phishing,Your employee benefits account requires verification. Sign in at https://www.account-security-alert.com/verify.
L0438,0,legitimate,The maintenance team will inspect the office network on Thursday. No action is required from you.
L0307,0,legitimate,Your library book is due on Thursday. You can renew it through the library portal.
L0294,0,legitimate,Reminder: your appointment with Admissions is scheduled for Thursday at 10:00 AM.
L0598,0,legitimate,The maintenance team will inspect the office network on Wednesday. No action is required from you.
L0647,0,legitimate,"Hi everyone, today's training session will begin at 3:30 PM. The meeting link is in the calendar invitation."
L0942,0,legitimate,The department has approved the leave request. Please check the HR portal for the updated balance.
L0287,0,legitimate,"Hi everyone, today's training session will begin at 3:30 PM. The meeting link is in the calendar invitation."
P0699,1,phishing,"We noticed a login from a new device. If this was not you, secure your account at https://www.reward-center-online.com/verify."
P0057,1,phishing,Congratulations! You have been selected for a cash reward. Submit your details at https://www.billing-confirmation.net/verify.
P0444,1,phishing,Your tax refund is ready. Confirm your bank information at https://www.reward-center-online.com/verify.
L0011,0,legitimate,"Hello team, the weekly project update is attached. Please review it before the meeting."
P0538,1,phishing,Urgent: Your banking account has been suspended. Verify your account immediately at https://www.verify-login-now.net/verify.
P0689,1,phishing,Important document: Please review and sign the attached form using https://www.account-security-alert.com/verify.
L0047,0,legitimate,"Hi Priya, here are the notes from yesterday's discussion. Please share any corrections."
L0492,0,legitimate,"Hi Rahul, here are the notes from yesterday's discussion. Please share any corrections."
L0720,0,legitimate,Thanks for your application. We will review your documents and contact you with the next steps.
P1110,1,phishing,Your tax refund is ready. Confirm your bank information at https://www.secure-account-check.com/verify.
P0065,1,phishing,Important document: Please review and sign the attached form using https://www.secure-account-check.com/verify.
L0699,0,legitimate,Your order has been shipped and is expected to arrive on Monday. You can track it from your account dashboard.
L0153,0,legitimate,Your library book is due on Wednesday. You can renew it through the library portal.
P0108,1,phishing,Your password expires today. Keep your account active by confirming it at https://www.verify-login-now.net/verify.
L1112,0,legitimate,Your library book is due on Tuesday. You can renew it through the library portal.
P0883,1,phishing,Your tax refund is ready. Confirm your bank information at https://www.verify-login-now.net/verify.
L0152,0,legitimate,Thanks for your application. We will review your documents and contact you with the next steps.
P0378,1,phishing,Security alert: We detected unusual activity on your company account. Confirm your identity using https://www.secure-account-check.com/verify.
L0485,0,legitimate,"Hello team, the weekly project update is attached. Please review it before the meeting."
L0415,0,legitimate,"Hi Rahul, here are the notes from yesterday's discussion. Please share any corrections."
P0460,1,phishing,Important document: Please review and sign the attached form using https://www.account-security-alert.com/verify.
P0091,1,phishing,Final notice: Your account will be closed unless you verify your password at https://www.reward-center-online.com/verify.
P0910,1,phishing,Your payment was declined. Update your billing information within 24 hours at https://www.account-security-alert.com/verify.
P0788,1,phishing,Your password expires today. Keep your account active by confirming it at https://www.verify-login-now.net/verify.
P0784,1,phishing,Your tax refund is ready. Confirm your bank information at https://www.reward-center-online.com/verify.
P0039,1,phishing,Action required: Your subscription payment failed. Reactivate it immediately at https://www.verify-login-now.net/verify.
P1015,1,phishing,Your tax refund is ready. Confirm your bank information at https://www.secure-account-check.com/verify.
L0359,0,legitimate,The department has approved the leave request. Please check the HR portal for the updated balance.
L0049,0,legitimate,Thank you for contacting support. We have created a ticket and will respond within two business days.
P0572,1,phishing,Your employee benefits account requires verification. Sign in at https://www.secure-account-check.com/verify.
P0123,1,phishing,You are eligible for an exclusive bonus. Click https://www.reward-center-online.com/verify to claim it before midnight.
P0174,1,phishing,Security alert: We detected unusual activity on your banking account. Confirm your identity using https://www.account-security-alert.com/verify.
L0989,0,legitimate,"Hi Meera, could you please send the latest version of the report when convenient?"
L0687,0,legitimate,The maintenance team will inspect the office network on Monday. No action is required from you.
L1129,0,legitimate,Your library book is due on Thursday. You can renew it through the library portal.
P0570,1,phishing,You have won a $500 gift card. Claim your reward now by visiting https://www.secure-account-check.com/verify.
P0554,1,phishing,Your tax refund is ready. Confirm your bank information at https://www.reward-center-online.com/verify.
L0796,0,legitimate,The finance team has shared the monthly expense report. Please review the figures before Friday.
L0585,0,legitimate,"Hi everyone, today's training session will begin at 3:30 PM. The meeting link is in the calendar invitation."
L0494,0,legitimate,The department has approved the leave request. Please check the HR portal for the updated balance.
P0234,1,phishing,You have won a cash prize. Claim your reward now by visiting https://www.account-security-alert.com/verify.
P0930,1,phishing,Your mailbox is over its storage limit. Login now to prevent email deactivation: https://www.account-security-alert.com/verify.
L0366,0,legitimate,"Hi everyone, today's training session will begin at 10:00 AM. The meeting link is in the calendar invitation."
L0501,0,legitimate,Your order has been shipped and is expected to arrive on Friday. You can track it from your account dashboard.
P0902,1,phishing,Congratulations! You have been selected for a cash reward. Submit your details at https://www.secure-account-check.com/verify.
L1079,0,legitimate,The department has approved the leave request. Please check the HR portal for the updated balance.
P0482,1,phishing,"We noticed a login from a new device. If this was not you, secure your account at https://www.account-security-alert.com/verify."
P0074,1,phishing,Urgent: Your cloud account has been suspended. Verify your account immediately at https://www.reward-center-online.com/verify.
L0838,0,legitimate,"Hello team, the weekly project update is attached. Please review it before the meeting."
L0285,0,legitimate,The department has approved the leave request. Please check the HR portal for the updated balance.
P0763,1,phishing,You are eligible for an exclusive bonus. Click https://www.reward-center-online.com/verify to claim it before midnight.
P0252,1,phishing,Security alert: We detected unusual activity on your Google account. Confirm your identity using https://www.billing-confirmation.net/verify.
L0771,0,legitimate,Your package is ready for pickup at the collection desk during normal working hours.
P1133,1,phishing,You have won a free smartphone. Claim your reward now by visiting https://www.reward-center-online.com/verify.
L0769,0,legitimate,"Hi Kiran, could you please send the latest version of the report when convenient?"
P0625,1,phishing,"We noticed a login from a new device. If this was not you, secure your account at https://www.verify-login-now.net/verify."
L0584,0,legitimate,"Hi Ananya, here are the notes from yesterday's discussion. Please share any corrections."
L0849,0,legitimate,Reminder: your appointment with Admissions is scheduled for Monday at 11:30 AM.
P0281,1,phishing,Congratulations! You have been selected for a cash reward. Submit your details at https://www.verify-login-now.net/verify.
L0635,0,legitimate,Reminder: your appointment with HR is scheduled for Friday at 3:30 PM.
L0592,0,legitimate,"Hi everyone, today's training session will begin at 4:00 PM. The meeting link is in the calendar invitation."
P0573,1,phishing,Your payment was declined. Update your billing information within 24 hours at https://www.billing-confirmation.net/verify.
P0996,1,phishing,Your payment was declined. Update your billing information within 24 hours at https://www.billing-confirmation.net/verify.
L0873,0,legitimate,Your order has been shipped and is expected to arrive on Wednesday. You can track it from your account dashboard.
L0413,0,legitimate,"Please find the meeting agenda attached. We will discuss milestones, risks, and next week's tasks."
P0842,1,phishing,Action required: Your subscription payment failed. Reactivate it immediately at https://www.account-security-alert.com/verify.
L0941,0,legitimate,Thank you for contacting support. We have created a ticket and will respond within two business days.
P0111,1,phishing,Your employee benefits account requires verification. Sign in at https://www.billing-confirmation.net/verify.
L0934,0,legitimate,Thank you for contacting support. We have created a ticket and will respond within two business days.
P1032,1,phishing,Your employee benefits account requires verification. Sign in at https://www.account-security-alert.com/verify.
L1012,0,legitimate,The finance team has shared the monthly expense report. Please review the figures before Friday.
L0724,0,legitimate,"Hi Sanjay, could you please send the latest version of the report when convenient?"
P0654,1,phishing,You have won a shopping voucher. Claim your reward now by visiting https://www.verify-login-now.net/verify.
P0548,1,phishing,Congratulations! You have been selected for a cash reward. Submit your details at https://www.reward-center-online.com/verify.
P1079,1,phishing,Your password expires today. Keep your account active by confirming it at https://www.verify-login-now.net/verify.
L0428,0,legitimate,"Hi everyone, today's training session will begin at 11:30 AM. The meeting link is in the calendar invitation."
L0139,0,legitimate,Your library book is due on Thursday. You can renew it through the library portal.
P0600,1,phishing,Your tax refund is ready. Confirm your bank information at https://www.secure-account-check.com/verify.
L0512,0,legitimate,"Hi Arjun, could you please send the latest version of the report when convenient?"
L0398,0,legitimate,"Hi Meera, could you please send the latest version of the report when convenient?"
L0927,0,legitimate,The maintenance team will inspect the office network on Thursday. No action is required from you.
P0620,1,phishing,Congratulations! You have been selected for a cash reward. Submit your details at https://www.verify-login-now.net/verify.
L0261,0,legitimate,"Hello team, the weekly project update is attached. Please review it before the meeting."
P0909,1,phishing,Your tax refund is ready. Confirm your bank information at https://www.billing-confirmation.net/verify.
L0994,0,legitimate,Thanks for your application. We will review your documents and contact you with the next steps.
P0732,1,phishing,Security alert: We detected unusual activity on your banking account. Confirm your identity using https://www.secure-account-check.com/verify.
L0306,0,legitimate,Your library book is due on Thursday. You can renew it through the library portal.
L1038,0,legitimate,"Please find the meeting agenda attached. We will discuss milestones, risks, and next week's tasks."
L1063,0,legitimate,Your library book is due on Tuesday. You can renew it through the library portal.
P0422,1,phishing,Your tax refund is ready. Confirm your bank information at https://www.account-security-alert.com/verify.
P1114,1,phishing,Your mailbox is over its storage limit. Login now to prevent email deactivation: https://www.account-security-alert.com/verify.
L0681,0,legitimate,The department has approved the leave request. Please check the HR portal for the updated balance.
L0812,0,legitimate,"Hi Priya, the design review is scheduled for Monday at 3:30 PM. Please let me know if you can attend."
P0158,1,phishing,"We noticed a login from a new device. If this was not you, secure your account at https://www.billing-confirmation.net/verify."
L0145,0,legitimate,"Hi Ananya, could you please send the latest version of the report when convenient?"
P0251,1,phishing,Security alert: We detected unusual activity on your PayPal account. Confirm your identity using https://www.secure-account-check.com/verify.
L0835,0,legitimate,"Hi Priya, here are the notes from yesterday's discussion. Please share any corrections."
L0914,0,legitimate,"Hello team, the weekly project update is attached. Please review it before the meeting."
P0815,1,phishing,Your mailbox is over its storage limit. Login now to prevent email deactivation: https://www.verify-login-now.net/verify.
L0042,0,legitimate,"Hi Kiran, here are the notes from yesterday's discussion. Please share any corrections."
L1006,0,legitimate,"Please find the meeting agenda attached. We will discuss milestones, risks, and next week's tasks."
P0599,1,phishing,Your password expires today. Keep your account active by confirming it at https://www.reward-center-online.com/verify.
P0501,1,phishing,Your mailbox is over its storage limit. Login now to prevent email deactivation: https://www.account-security-alert.com/verify.
L0142,0,legitimate,Your order has been shipped and is expected to arrive on Wednesday. You can track it from your account dashboard.
L0932,0,legitimate,Your order has been shipped and is expected to arrive on Monday. You can track it from your account dashboard.
L1011,0,legitimate,Your library book is due on Wednesday. You can renew it through the library portal.
P0644,1,phishing,Your password expires today. Keep your account active by confirming it at https://www.account-security-alert.com/verify.
P0090,1,phishing,Security alert: We detected unusual activity on your Microsoft account. Confirm your identity using https://www.reward-center-online.com/verify.
P0579,1,phishing,Urgent: Your banking account has been suspended. Verify your account immediately at https://www.account-security-alert.com/verify.
L0734,0,legitimate,"Hi Arjun, here are the notes from yesterday's discussion. Please share any corrections."
L0848,0,legitimate,"Hi Priya, the team meeting is scheduled for Thursday at 2:00 PM. Please let me know if you can attend."
P0260,1,phishing,Your tax refund is ready. Confirm your bank information at https://www.account-security-alert.com/verify.
L1174,0,legitimate,The finance team has shared the monthly expense report. Please review the figures before Friday.
P0157,1,phishing,Final notice: Your account will be closed unless you verify your password at https://www.billing-confirmation.net/verify.
L0556,0,legitimate,"Hello team, the weekly project update is attached. Please review it before the meeting."
P0512,1,phishing,Security alert: We detected unusual activity on your banking account. Confirm your identity using https://www.verify-login-now.net/verify.
L0275,0,legitimate,Your order has been shipped and is expected to arrive on Wednesday. You can track it from your account dashboard.
P0031,1,phishing,Your payment was declined. Update your billing information within 24 hours at https://www.billing-confirmation.net/verify.
L0443,0,legitimate,Your library book is due on Friday. You can renew it through the library portal.
P0094,1,phishing,Security alert: We detected unusual activity on your company account. Confirm your identity using https://www.account-security-alert.com/verify.
L0626,0,legitimate,"Hi Ananya, the design review is scheduled for Thursday at 4:00 PM. Please let me know if you can attend."
L1100,0,legitimate,Your order has been shipped and is expected to arrive on Monday. You can track it from your account dashboard.
L0425,0,legitimate,"Hi Akhila, here are the notes from yesterday's discussion. Please share any corrections."
L0342,0,legitimate,"Hi Akhila, could you please send the latest version of the report when convenient?"
L0331,0,legitimate,"Hi Meera, the project review is scheduled for Monday at 11:30 AM. Please let me know if you can attend."
L1019,0,legitimate,Your order has been shipped and is expected to arrive on Monday. You can track it from your account dashboard.
P0466,1,phishing,Security alert: We detected unusual activity on your company account. Confirm your identity using https://www.reward-center-online.com/verify.
L0971,0,legitimate,"Hi everyone, today's training session will begin at 4:00 PM. The meeting link is in the calendar invitation."
L0722,0,legitimate,The maintenance team will inspect the office network on Tuesday. No action is required from you.
P0189,1,phishing,You have won a free smartphone. Claim your reward now by visiting https://www.account-security-alert.com/verify.
P0476,1,phishing,"We noticed a login from a new device. If this was not you, secure your account at https://www.reward-center-online.com/verify."
P0488,1,phishing,Your tax refund is ready. Confirm your bank information at https://www.account-security-alert.com/verify.
P0119,1,phishing,Urgent: Your PayPal account has been suspended. Verify your account immediately at https://www.account-security-alert.com/verify.
P0895,1,phishing,Action required: Your subscription payment failed. Reactivate it immediately at https://www.secure-account-check.com/verify.
P0703,1,phishing,Final notice: Your account will be closed unless you verify your password at https://www.billing-confirmation.net/verify.
L0920,0,legitimate,"Hi Sanjay, here are the notes from yesterday's discussion. Please share any corrections."
L0760,0,legitimate,"Hi Arjun, here are the notes from yesterday's discussion. Please share any corrections."
L0851,0,legitimate,Your library book is due on Monday. You can renew it through the library portal.
L0061,0,legitimate,Reminder: your appointment with HR is scheduled for Monday at 4:00 PM.
L0940,0,legitimate,"Hi Ananya, the team meeting is scheduled for Monday at 10:00 AM. Please let me know if you can attend."
L1048,0,legitimate,"Hi Arjun, the project review is scheduled for Tuesday at 3:30 PM. Please let me know if you can attend."
P0237,1,phishing,Action required: Your subscription payment failed. Reactivate it immediately at https://www.billing-confirmation.net/verify.
L0602,0,legitimate,The finance team has shared the monthly expense report. Please review the figures before Friday.
P1126,1,phishing,Your password expires today. Keep your account active by confirming it at https://www.reward-center-online.com/verify.
P0875,1,phishing,Your employee benefits account requires verification. Sign in at https://www.secure-account-check.com/verify.
L1046,0,legitimate,Your library book is due on Monday. You can renew it through the library portal.
P0881,1,phishing,Your payment was declined. Update your billing information within 24 hours at https://www.verify-login-now.net/verify.
P0257,1,phishing,Important document: Please review and sign the attached form using https://www.account-security-alert.com/verify.
L0225,0,legitimate,The finance team has shared the monthly expense report. Please review the figures before Friday.
P0773,1,phishing,You are eligible for an exclusive bonus. Click https://www.reward-center-online.com/verify to claim it before midnight.
L0369,0,legitimate,"Please find the meeting agenda attached. We will discuss milestones, risks, and next week's tasks."
P0793,1,phishing,You are eligible for an exclusive bonus. Click https://www.account-security-alert.com/verify to claim it before midnight.
P0107,1,phishing,Important document: Please review and sign the attached form using https://www.billing-confirmation.net/verify.
P0988,1,phishing,Your employee benefits account requires verification. Sign in at https://www.reward-center-online.com/verify.
L1005,0,legitimate,Thanks for your application. We will review your documents and contact you with the next steps.
P0038,1,phishing,Your tax refund is ready. Confirm your bank information at https://www.account-security-alert.com/verify.
L0312,0,legitimate,The finance team has shared the monthly expense report. Please review the figures before Friday.
L0201,0,legitimate,"Hi Sanjay, here are the notes from yesterday's discussion. Please share any corrections."
L0197,0,legitimate,The finance team has shared the monthly expense report. Please review the figures before Friday.
P0777,1,phishing,"We noticed a login from a new device. If this was not you, secure your account at https://www.verify-login-now.net/verify."
L0046,0,legitimate,"Hi everyone, today's training session will begin at 2:00 PM. The meeting link is in the calendar invitation."
L0566,0,legitimate,The department has approved the leave request. Please check the HR portal for the updated balance.
L0945,0,legitimate,"Hi everyone, today's training session will begin at 4:00 PM. The meeting link is in the calendar invitation."
L0462,0,legitimate,"Hi Meera, the team meeting is scheduled for Thursday at 2:00 PM. Please let me know if you can attend."
L1007,0,legitimate,The maintenance team will inspect the office network on Wednesday. No action is required from you.
L0385,0,legitimate,"Hi Rahul, could you please send the latest version of the report when convenient?"
L1198,0,legitimate,"Hi everyone, today's training session will begin at 3:30 PM. The meeting link is in the calendar invitation."
L0911,0,legitimate,The department has approved the leave request. Please check the HR portal for the updated balance.
P0044,1,phishing,Security alert: We detected unusual activity on your cloud account. Confirm your identity using https://www.secure-account-check.com/verify.
P0467,1,phishing,Your tax refund is ready. Confirm your bank information at https://www.account-security-alert.com/verify.
L1189,0,legitimate,"Hi Sanjay, the team meeting is scheduled for Thursday at 3:30 PM. Please let me know if you can attend."
P0622,1,phishing,Action required: Your subscription payment failed. Reactivate it immediately at https://www.verify-login-now.net/verify.
P0979,1,phishing,Your password expires today. Keep your account active by confirming it at https://www.account-security-alert.com/verify.
P0884,1,phishing,Final notice: Your account will be closed unless you verify your password at https://www.account-security-alert.com/verify.
P0718,1,phishing,Important document: Please review and sign the attached form using https://www.account-security-alert.com/verify.
L0132,0,legitimate,Your package is ready for pickup at the collection desk during normal working hours.
L0651,0,legitimate,Your package is ready for pickup at the collection desk during normal working hours.
P1040,1,phishing,Congratulations! You have been selected for a cash reward. Submit your details at https://www.reward-center-online.com/verify.
P1018,1,phishing,You are eligible for an exclusive bonus. Click https://www.billing-confirmation.net/verify to claim it before midnight.
L0520,0,legitimate,Your order has been shipped and is expected to arrive on Wednesday. You can track it from your account dashboard.
P0214,1,phishing,Security alert: We detected unusual activity on your company account. Confirm your identity using https://www.reward-center-online.com/verify.
L1073,0,legitimate,Your package is ready for pickup at the collection desk during normal working hours.
L0282,0,legitimate,The department has approved the leave request. Please check the HR portal for the updated balance.
P0555,1,phishing,Your employee benefits account requires verification. Sign in at https://www.reward-center-online.com/verify.
L0725,0,legitimate,"Hi everyone, today's training session will begin at 4:00 PM. The meeting link is in the calendar invitation."
P0981,1,phishing,Your tax refund is ready. Confirm your bank information at https://www.account-security-alert.com/verify.
P1130,1,phishing,Your mailbox is over its storage limit. Login now to prevent email deactivation: https://www.billing-confirmation.net/verify.
P0166,1,phishing,Congratulations! You have been selected for a cash reward. Submit your details at https://www.reward-center-online.com/verify.
L0055,0,legitimate,Your library book is due on Tuesday. You can renew it through the library portal.
L1135,0,legitimate,"Hello team, the weekly project update is attached. Please review it before the meeting."
L0026,0,legitimate,Thank you for contacting support. We have created a ticket and will respond within two business days.
P0853,1,phishing,Urgent: Your banking account has been suspended. Verify your account immediately at https://www.secure-account-check.com/verify.
P0145,1,phishing,Congratulations! You have been selected for a cash reward. Submit your details at https://www.account-security-alert.com/verify.
P0709,1,phishing,Important document: Please review and sign the attached form using https://www.account-security-alert.com/verify.
P0073,1,phishing,You are eligible for an exclusive bonus. Click https://www.account-security-alert.com/verify to claim it before midnight.
L0454,0,legitimate,"Hi Meera, the weekly sync is scheduled for Wednesday at 3:30 PM. Please let me know if you can attend."
L0368,0,legitimate,"Hi Arjun, the client meeting is scheduled for Monday at 11:30 AM. Please let me know if you can attend."
L0511,0,legitimate,Thanks for your application. We will review your documents and contact you with the next steps.
L0240,0,legitimate,"Please find the meeting agenda attached. We will discuss milestones, risks, and next week's tasks."
L1001,0,legitimate,"Please find the meeting agenda attached. We will discuss milestones, risks, and next week's tasks."
P1155,1,phishing,Urgent: Your Google account has been suspended. Verify your account immediately at https://www.account-security-alert.com/verify.
L1127,0,legitimate,The finance team has shared the monthly expense report. Please review the figures before Friday.
L0676,0,legitimate,Your library book is due on Friday. You can renew it through the library portal.
P1011,1,phishing,You are eligible for an exclusive bonus. Click https://www.account-security-alert.com/verify to claim it before midnight.
P0483,1,phishing,You are eligible for an exclusive bonus. Click https://www.verify-login-now.net/verify to claim it before midnight.
P0128,1,phishing,Your employee benefits account requires verification. Sign in at https://www.billing-confirmation.net/verify.
L0159,0,legitimate,"Please find the meeting agenda attached. We will discuss milestones, risks, and next week's tasks."
L0352,0,legitimate,"Hello team, the weekly project update is attached. Please review it before the meeting."
P0676,1,phishing,Urgent: Your banking account has been suspended. Verify your account immediately at https://www.verify-login-now.net/verify.
L0303,0,legitimate,"Please find the meeting agenda attached. We will discuss milestones, risks, and next week's tasks."
L0473,0,legitimate,"Hi Priya, could you please send the latest version of the report when convenient?"
P1121,1,phishing,Congratulations! You have been selected for a cash reward. Submit your details at https://www.account-security-alert.com/verify.
L1166,0,legitimate,"Hi Meera, here are the notes from yesterday's discussion. Please share any corrections."
L1034,0,legitimate,Thank you for contacting support. We have created a ticket and will respond within two business days.
P0122,1,phishing,Final notice: Your account will be closed unless you verify your password at https://www.account-security-alert.com/verify.
L1132,0,legitimate,Your library book is due on Thursday. You can renew it through the library portal.
L1054,0,legitimate,"Please find the meeting agenda attached. We will discuss milestones, risks, and next week's tasks."
L0828,0,legitimate,"Hello team, the weekly project update is attached. Please review it before the meeting."
P0535,1,phishing,Your mailbox is over its storage limit. Login now to prevent email deactivation: https://www.reward-center-online.com/verify.
P0864,1,phishing,You are eligible for an exclusive bonus. Click https://www.billing-confirmation.net/verify to claim it before midnight.
P0693,1,phishing,Security alert: We detected unusual activity on your Amazon account. Confirm your identity using https://www.verify-login-now.net/verify.
P0067,1,phishing,Your payment was declined. Update your billing information within 24 hours at https://www.billing-confirmation.net/verify.
P0062,1,phishing,You have won a shopping voucher. Claim your reward now by visiting https://www.reward-center-online.com/verify.
L0138,0,legitimate,Thanks for your application. We will review your documents and contact you with the next steps.
P0539,1,phishing,Important document: Please review and sign the attached form using https://www.reward-center-online.com/verify.
P0965,1,phishing,"We noticed a login from a new device. If this was not you, secure your account at https://www.account-security-alert.com/verify."
P1194,1,phishing,Your password expires today. Keep your account active by confirming it at https://www.verify-login-now.net/verify.
L0856,0,legitimate,Reminder: your appointment with IT Support is scheduled for Friday at 10:00 AM.
L0813,0,legitimate,Your package is ready for pickup at the collection desk during normal working hours.
P1119,1,phishing,Security alert: We detected unusual activity on your Amazon account. Confirm your identity using https://www.reward-center-online.com/verify.
P0117,1,phishing,"We noticed a login from a new device. If this was not you, secure your account at https://www.billing-confirmation.net/verify."
L0605,0,legitimate,"Hello team, the weekly project update is attached. Please review it before the meeting."
L0933,0,legitimate,"Hello team, the weekly project update is attached. Please review it before the meeting."
P0640,1,phishing,Congratulations! You have been selected for a cash reward. Submit your details at https://www.secure-account-check.com/verify.
L0936,0,legitimate,"Hello team, the weekly project update is attached. Please review it before the meeting."
L0052,0,legitimate,"Hi Sanjay, the design review is scheduled for Friday at 4:00 PM. Please let me know if you can attend."
P1061,1,phishing,Your payment was declined. Update your billing information within 24 hours at https://www.secure-account-check.com/verify.
L0603,0,legitimate,The finance team has shared the monthly expense report. Please review the figures before Friday.
P0495,1,phishing,Important document: Please review and sign the attached form using https://www.reward-center-online.com/verify.
P1179,1,phishing,"We noticed a login from a new device. If this was not you, secure your account at https://www.billing-confirmation.net/verify."
P1095,1,phishing,Urgent: Your Google account has been suspended. Verify your account immediately at https://www.billing-confirmation.net/verify.
P0154,1,phishing,Congratulations! You have been selected for a cash reward. Submit your details at https://www.account-security-alert.com/verify.
P0590,1,phishing,You have won a free smartphone. Claim your reward now by visiting https://www.account-security-alert.com/verify.
P0324,1,phishing,Final notice: Your account will be closed unless you verify your password at https://www.verify-login-now.net/verify.
L0743,0,legitimate,"Hi Meera, the design review is scheduled for Thursday at 10:00 AM. Please let me know if you can attend."
L0776,0,legitimate,Your library book is due on Wednesday. You can renew it through the library portal.
L0241,0,legitimate,Reminder: your appointment with Admissions is scheduled for Friday at 4:00 PM.
L0766,0,legitimate,The department has approved the leave request. Please check the HR portal for the updated balance.
P0515,1,phishing,You are eligible for an exclusive bonus. Click https://www.billing-confirmation.net/verify to claim it before midnight.
L0497,0,legitimate,Your order has been shipped and is expected to arrive on Tuesday. You can track it from your account dashboard.
L0825,0,legitimate,"Hi everyone, today's training session will begin at 4:00 PM. The meeting link is in the calendar invitation."
L0483,0,legitimate,Thanks for your application. We will review your documents and contact you with the next steps.
P0459,1,phishing,Your password expires today. Keep your account active by confirming it at https://www.account-security-alert.com/verify.
P0047,1,phishing,Your password expires today. Keep your account active by confirming it at https://www.verify-login-now.net/verify.
P0678,1,phishing,Your password expires today. Keep your account active by confirming it at https://www.reward-center-online.com/verify.
P1108,1,phishing,Your mailbox is over its storage limit. Login now to prevent email deactivation: https://www.billing-confirmation.net/verify.
L0032,0,legitimate,"Hello team, the weekly project update is attached. Please review it before the meeting."
P0106,1,phishing,Important document: Please review and sign the attached form using https://www.account-security-alert.com/verify.
P0473,1,phishing,Important document: Please review and sign the attached form using https://www.secure-account-check.com/verify.
P1022,1,phishing,Urgent: Your Office 365 account has been suspended. Verify your account immediately at https://www.reward-center-online.com/verify.
P0242,1,phishing,Your mailbox is over its storage limit. Login now to prevent email deactivation: https://www.account-security-alert.com/verify.
P0207,1,phishing,Final notice: Your account will be closed unless you verify your password at https://www.billing-confirmation.net/verify.
P0611,1,phishing,Security alert: We detected unusual activity on your cloud account. Confirm your identity using https://www.secure-account-check.com/verify.
P1060,1,phishing,Your mailbox is over its storage limit. Login now to prevent email deactivation: https://www.account-security-alert.com/verify.
L0403,0,legitimate,The finance team has shared the monthly expense report. Please review the figures before Friday.
P0261,1,phishing,Your tax refund is ready. Confirm your bank information at https://www.billing-confirmation.net/verify.
P0161,1,phishing,Action required: Your subscription payment failed. Reactivate it immediately at https://www.secure-account-check.com/verify.
P1166,1,phishing,"We noticed a login from a new device. If this was not you, secure your account at https://www.billing-confirmation.net/verify."
P0146,1,phishing,Security alert: We detected unusual activity on your Amazon account. Confirm your identity using https://www.verify-login-now.net/verify.
L1122,0,legitimate,"Hi Priya, here are the notes from yesterday's discussion. Please share any corrections."
P0771,1,phishing,Urgent: Your Amazon account has been suspended. Verify your account immediately at https://www.verify-login-now.net/verify.
L0081,0,legitimate,Reminder: your appointment with Admissions is scheduled for Wednesday at 3:30 PM.
P0876,1,phishing,Action required: Your subscription payment failed. Reactivate it immediately at https://www.billing-confirmation.net/verify.
P0899,1,phishing,"We noticed a login from a new device. If this was not you, secure your account at https://www.billing-confirmation.net/verify."
P0138,1,phishing,Your payment was declined. Update your billing information within 24 hours at https://www.secure-account-check.com/verify.
L0442,0,legitimate,Thank you for contacting support. We have created a ticket and will respond within two business days.
P0283,1,phishing,Your employee benefits account requires verification. Sign in at https://www.billing-confirmation.net/verify.
L0548,0,legitimate,The finance team has shared the monthly expense report. Please review the figures before Friday.
P1145,1,phishing,You have won a shopping voucher. Claim your reward now by visiting https://www.secure-account-check.com/verify.
L1004,0,legitimate,"Hi Sanjay, the project review is scheduled for Wednesday at 10:00 AM. Please let me know if you can attend."
P0731,1,phishing,Urgent: Your company account has been suspended. Verify your account immediately at https://www.account-security-alert.com/verify.
P0722,1,phishing,Congratulations! You have been selected for a cash reward. Submit your details at https://www.secure-account-check.com/verify.
L0775,0,legitimate,"Hi Rahul, could you please send the latest version of the report when convenient?"
P0971,1,phishing,Your tax refund is ready. Confirm your bank information at https://www.billing-confirmation.net/verify.
L0495,0,legitimate,Your order has been shipped and is expected to arrive on Thursday. You can track it from your account dashboard.
P1169,1,phishing,Congratulations! You have been selected for a cash reward. Submit your details at https://www.secure-account-check.com/verify.
L1149,0,legitimate,The maintenance team will inspect the office network on Friday. No action is required from you.
L0505,0,legitimate,The finance team has shared the monthly expense report. Please review the figures before Friday.
P0390,1,phishing,Your mailbox is over its storage limit. Login now to prevent email deactivation: https://www.verify-login-now.net/verify.
P1017,1,phishing,You have won a free smartphone. Claim your reward now by visiting https://www.reward-center-online.com/verify.
P1082,1,phishing,Final notice: Your account will be closed unless you verify your password at https://www.secure-account-check.com/verify.
L0116,0,legitimate,"Hello team, the weekly project update is attached. Please review it before the meeting."
L1031,0,legitimate,Reminder: your appointment with HR is scheduled for Friday at 4:00 PM.
L0295,0,legitimate,Thank you for contacting support. We have created a ticket and will respond within two business days.
L0198,0,legitimate,The maintenance team will inspect the office network on Friday. No action is required from you.
P0380,1,phishing,"We noticed a login from a new device. If this was not you, secure your account at https://www.verify-login-now.net/verify."
L1085,0,legitimate,"Hi Meera, could you please send the latest version of the report when convenient?"
P0148,1,phishing,Your payment was declined. Update your billing information within 24 hours at https://www.verify-login-now.net/verify.
L0571,0,legitimate,The department has approved the leave request. Please check the HR portal for the updated balance.
L0878,0,legitimate,"Hello team, the weekly project update is attached. Please review it before the meeting."
P1164,1,phishing,Security alert: We detected unusual activity on your Office 365 account. Confirm your identity using https://www.billing-confirmation.net/verify.
P0836,1,phishing,Your tax refund is ready. Confirm your bank information at https://www.account-security-alert.com/verify.
L0386,0,legitimate,Reminder: your appointment with Accounts is scheduled for Wednesday at 2:00 PM.
P0737,1,phishing,Security alert: We detected unusual activity on your Google account. Confirm your identity using https://www.account-security-alert.com/verify.
P0011,1,phishing,Your password expires today. Keep your account active by confirming it at https://www.reward-center-online.com/verify.
L1043,0,legitimate,Your package is ready for pickup at the collection desk during normal working hours.
P0288,1,phishing,"We noticed a login from a new device. If this was not you, secure your account at https://www.reward-center-online.com/verify."
L0459,0,legitimate,Thank you for contacting support. We have created a ticket and will respond within two business days.
P0069,1,phishing,"We noticed a login from a new device. If this was not you, secure your account at https://www.billing-confirmation.net/verify."
P0417,1,phishing,Your password expires today. Keep your account active by confirming it at https://www.account-security-alert.com/verify.
L0708,0,legitimate,"Hi Akhila, the design review is scheduled for Wednesday at 4:00 PM. Please let me know if you can attend."
L0170,0,legitimate,The finance team has shared the monthly expense report. Please review the figures before Friday.
L0089,0,legitimate,"Hello team, the weekly project update is attached. Please review it before the meeting."
P0050,1,phishing,Congratulations! You have been selected for a cash reward. Submit your details at https://www.verify-login-now.net/verify.
P1193,1,phishing,Your payment was declined. Update your billing information within 24 hours at https://www.verify-login-now.net/verify.
P0177,1,phishing,Your password expires today. Keep your account active by confirming it at https://www.reward-center-online.com/verify.
L0924,0,legitimate,The department has approved the leave request. Please check the HR portal for the updated balance.
L0418,0,legitimate,"Hi Rahul, the team meeting is scheduled for Wednesday at 3:30 PM. Please let me know if you can attend."
L0457,0,legitimate,Reminder: your appointment with Student Services is scheduled for Monday at 10:00 AM.
P1083,1,phishing,Your password expires today. Keep your account active by confirming it at https://www.secure-account-check.com/verify.
L0808,0,legitimate,Reminder: your appointment with IT Support is scheduled for Friday at 3:30 PM.
P0889,1,phishing,Your password expires today. Keep your account active by confirming it at https://www.secure-account-check.com/verify.
P0332,1,phishing,Action required: Your subscription payment failed. Reactivate it immediately at https://www.reward-center-online.com/verify.
L0320,0,legitimate,Thank you for contacting support. We have created a ticket and will respond within two business days.
P0413,1,phishing,Urgent: Your Office 365 account has been suspended. Verify your account immediately at https://www.account-security-alert.com/verify.
L1033,0,legitimate,The department has approved the leave request. Please check the HR portal for the updated balance.
P0586,1,phishing,Your payment was declined. Update your billing information within 24 hours at https://www.billing-confirmation.net/verify.
L0191,0,legitimate,"Hi Meera, could you please send the latest version of the report when convenient?"
L0953,0,legitimate,Thank you for contacting support. We have created a ticket and will respond within two business days.
P1006,1,phishing,Your password expires today. Keep your account active by confirming it at https://www.reward-center-online.com/verify.
P0518,1,phishing,Security alert: We detected unusual activity on your Amazon account. Confirm your identity using https://www.billing-confirmation.net/verify.
L1134,0,legitimate,Your package is ready for pickup at the collection desk during normal working hours.
L1051,0,legitimate,Thanks for your application. We will review your documents and contact you with the next steps.
P1140,1,phishing,Urgent: Your banking account has been suspended. Verify your account immediately at https://www.verify-login-now.net/verify.
P1176,1,phishing,Security alert: We detected unusual activity on your Microsoft account. Confirm your identity using https://www.secure-account-check.com/verify.
L0106,0,legitimate,The department has approved the leave request. Please check the HR portal for the updated balance.
P0273,1,phishing,You have won a $500 gift card. Claim your reward now by visiting https://www.verify-login-now.net/verify.
P0774,1,phishing,Security alert: We detected unusual activity on your Microsoft account. Confirm your identity using https://www.account-security-alert.com/verify.
P0921,1,phishing,Final notice: Your account will be closed unless you verify your password at https://www.billing-confirmation.net/verify.
L0231,0,legitimate,The department has approved the leave request. Please check the HR portal for the updated balance.
P0221,1,phishing,"We noticed a login from a new device. If this was not you, secure your account at https://www.reward-center-online.com/verify."
P0658,1,phishing,You are eligible for an exclusive bonus. Click https://www.verify-login-now.net/verify to claim it before midnight.
L0912,0,legitimate,"Hi Arjun, the design review is scheduled for Thursday at 2:00 PM. Please let me know if you can attend."
L0713,0,legitimate,"Please find the meeting agenda attached. We will discuss milestones, risks, and next week's tasks."
L0522,0,legitimate,Thank you for contacting support. We have created a ticket and will respond within two business days.
L0093,0,legitimate,Your package is ready for pickup at the collection desk during normal working hours.
L0043,0,legitimate,The finance team has shared the monthly expense report. Please review the figures before Friday.
L1158,0,legitimate,The finance team has shared the monthly expense report. Please review the figures before Friday.
L0364,0,legitimate,Your library book is due on Monday. You can renew it through the library portal.
P0905,1,phishing,Final notice: Your account will be closed unless you verify your password at https://www.verify-login-now.net/verify.
P0150,1,phishing,"We noticed a login from a new device. If this was not you, secure your account at https://www.account-security-alert.com/verify."
L0336,0,legitimate,The maintenance team will inspect the office network on Friday. No action is required from you.
L0535,0,legitimate,Your order has been shipped and is expected to arrive on Wednesday. You can track it from your account dashboard.
P0077,1,phishing,Security alert: We detected unusual activity on your PayPal account. Confirm your identity using https://www.billing-confirmation.net/verify.
P0235,1,phishing,Urgent: Your Google account has been suspended. Verify your account immediately at https://www.billing-confirmation.net/verify.
P0513,1,phishing,"We noticed a login from a new device. If this was not you, secure your account at https://www.billing-confirmation.net/verify."
L0054,0,legitimate,"Hi Meera, could you please send the latest version of the report when convenient?"
L1023,0,legitimate,"Hi Akhila, here are the notes from yesterday's discussion. Please share any corrections."
L1056,0,legitimate,The department has approved the leave request. Please check the HR portal for the updated balance.
P0861,1,phishing,Congratulations! You have been selected for a cash reward. Submit your details at https://www.account-security-alert.com/verify.
L1016,0,legitimate,Your library book is due on Wednesday. You can renew it through the library portal.
P0787,1,phishing,Your payment was declined. Update your billing information within 24 hours at https://www.secure-account-check.com/verify.
L0628,0,legitimate,The finance team has shared the monthly expense report. Please review the figures before Friday.
L0292,0,legitimate,"Hi everyone, today's training session will begin at 11:30 AM. The meeting link is in the calendar invitation."
P0357,1,phishing,Your password expires today. Keep your account active by confirming it at https://www.reward-center-online.com/verify.
L0604,0,legitimate,"Hi everyone, today's training session will begin at 4:00 PM. The meeting link is in the calendar invitation."
L0643,0,legitimate,"Hello team, the weekly project update is attached. Please review it before the meeting."
P0216,1,phishing,Congratulations! You have been selected for a cash reward. Submit your details at https://www.account-security-alert.com/verify.
L1150,0,legitimate,Thank you for contacting support. We have created a ticket and will respond within two business days.
L0430,0,legitimate,Your package is ready for pickup at the collection desk during normal working hours.
L0915,0,legitimate,Reminder: your appointment with Accounts is scheduled for Thursday at 3:30 PM.
L0679,0,legitimate,Your order has been shipped and is expected to arrive on Tuesday. You can track it from your account dashboard.
L0456,0,legitimate,Your order has been shipped and is expected to arrive on Monday. You can track it from your account dashboard.
L0381,0,legitimate,"Hi Akhila, here are the notes from yesterday's discussion. Please share any corrections."
L0709,0,legitimate,The department has approved the leave request. Please check the HR portal for the updated balance.
L0357,0,legitimate,Thank you for contacting support. We have created a ticket and will respond within two business days.
P0663,1,phishing,You are eligible for an exclusive bonus. Click https://www.secure-account-check.com/verify to claim it before midnight.
L0827,0,legitimate,Reminder: your appointment with Student Services is scheduled for Monday at 11:30 AM.
L0192,0,legitimate,The finance team has shared the monthly expense report. Please review the figures before Friday.
P1023,1,phishing,Action required: Your subscription payment failed. Reactivate it immediately at https://www.account-security-alert.com/verify.
L1140,0,legitimate,Your order has been shipped and is expected to arrive on Wednesday. You can track it from your account dashboard.
L0163,0,legitimate,Thank you for contacting support. We have created a ticket and will respond within two business days.
P0198,1,phishing,Your mailbox is over its storage limit. Login now to prevent email deactivation: https://www.billing-confirmation.net/verify.
P0475,1,phishing,Security alert: We detected unusual activity on your PayPal account. Confirm your identity using https://www.account-security-alert.com/verify.
P0326,1,phishing,Your payment was declined. Update your billing information within 24 hours at https://www.account-security-alert.com/verify.
L0301,0,legitimate,"Please find the meeting agenda attached. We will discuss milestones, risks, and next week's tasks."
L0545,0,legitimate,Thanks for your application. We will review your documents and contact you with the next steps.
P0061,1,phishing,"We noticed a login from a new device. If this was not you, secure your account at https://www.secure-account-check.com/verify."
P0093,1,phishing,Your tax refund is ready. Confirm your bank information at https://www.account-security-alert.com/verify.
P0139,1,phishing,"You have won a $1,000 bonus. Claim your reward now by visiting https://www.billing-confirmation.net/verify."
P0827,1,phishing,"We noticed a login from a new device. If this was not you, secure your account at https://www.verify-login-now.net/verify."
L0500,0,legitimate,"Hello team, the weekly project update is attached. Please review it before the meeting."
L0065,0,legitimate,The department has approved the leave request. Please check the HR portal for the updated balance.
P1198,1,phishing,Congratulations! You have been selected for a cash reward. Submit your details at https://www.account-security-alert.com/verify.
P0713,1,phishing,Your password expires today. Keep your account active by confirming it at https://www.account-security-alert.com/verify.
P1190,1,phishing,Urgent: Your company account has been suspended. Verify your account immediately at https://www.reward-center-online.com/verify.
L0820,0,legitimate,Your package is ready for pickup at the collection desk during normal working hours.
P0664,1,phishing,Your tax refund is ready. Confirm your bank information at https://www.account-security-alert.com/verify.
L0230,0,legitimate,Your package is ready for pickup at the collection desk during normal working hours.
P0266,1,phishing,Your payment was declined. Update your billing information within 24 hours at https://www.secure-account-check.com/verify.
P0531,1,phishing,Your tax refund is ready. Confirm your bank information at https://www.account-security-alert.com/verify.
P1077,1,phishing,"You have won a $1,000 bonus. Claim your reward now by visiting https://www.account-security-alert.com/verify."
L0735,0,legitimate,Reminder: your appointment with HR is scheduled for Monday at 10:00 AM.
L0389,0,legitimate,"Hi everyone, today's training session will begin at 3:30 PM. The meeting link is in the calendar invitation."
L1042,0,legitimate,"Hi Rahul, could you please send the latest version of the report when convenient?"
L0700,0,legitimate,Your package is ready for pickup at the collection desk during normal working hours.
L1147,0,legitimate,"Hello team, the weekly project update is attached. Please review it before the meeting."
L1093,0,legitimate,"Hi Kiran, here are the notes from yesterday's discussion. Please share any corrections."
P0370,1,phishing,Final notice: Your account will be closed unless you verify your password at https://www.verify-login-now.net/verify.
L0150,0,legitimate,Your order has been shipped and is expected to arrive on Tuesday. You can track it from your account dashboard.
L0041,0,legitimate,Thank you for contacting support. We have created a ticket and will respond within two business days.
P0967,1,phishing,Final notice: Your account will be closed unless you verify your password at https://www.billing-confirmation.net/verify.
P0772,1,phishing,Final notice: Your account will be closed unless you verify your password at https://www.billing-confirmation.net/verify.
P0991,1,phishing,Your employee benefits account requires verification. Sign in at https://www.secure-account-check.com/verify.
L0984,0,legitimate,"Please find the meeting agenda attached. We will discuss milestones, risks, and next week's tasks."
L0519,0,legitimate,The finance team has shared the monthly expense report. Please review the figures before Friday.
L0677,0,legitimate,"Hello team, the weekly project update is attached. Please review it before the meeting."
P0140,1,phishing,Important document: Please review and sign the attached form using https://www.reward-center-online.com/verify.
P0807,1,phishing,Your employee benefits account requires verification. Sign in at https://www.verify-login-now.net/verify.
L0692,0,legitimate,Your package is ready for pickup at the collection desk during normal working hours.
L0797,0,legitimate,"Hi Kiran, the client meeting is scheduled for Friday at 11:30 AM. Please let me know if you can attend."
L0149,0,legitimate,Thank you for contacting support. We have created a ticket and will respond within two business days.
L0362,0,legitimate,Reminder: your appointment with Accounts is scheduled for Monday at 4:00 PM.
L0408,0,legitimate,"Hi Ananya, the design review is scheduled for Tuesday at 3:30 PM. Please let me know if you can attend."
L0938,0,legitimate,"Hi everyone, today's training session will begin at 4:00 PM. The meeting link is in the calendar invitation."
P0287,1,phishing,Your password expires today. Keep your account active by confirming it at https://www.secure-account-check.com/verify.
L0412,0,legitimate,Your package is ready for pickup at the collection desk during normal working hours.
L0559,0,legitimate,"Hello team, the weekly project update is attached. Please review it before the meeting."
L0919,0,legitimate,The department has approved the leave request. Please check the HR portal for the updated balance.
P0942,1,phishing,You are eligible for an exclusive bonus. Click https://www.account-security-alert.com/verify to claim it before midnight.
P0695,1,phishing,You are eligible for an exclusive bonus. Click https://www.billing-confirmation.net/verify to claim it before midnight.
P1154,1,phishing,Urgent: Your Office 365 account has been suspended. Verify your account immediately at https://www.billing-confirmation.net/verify.
L1020,0,legitimate,"Hi everyone, today's training session will begin at 4:00 PM. The meeting link is in the calendar invitation."
L0762,0,legitimate,The department has approved the leave request. Please check the HR portal for the updated balance.
P0721,1,phishing,Your payment was declined. Update your billing information within 24 hours at https://www.billing-confirmation.net/verify.
P0311,1,phishing,Your tax refund is ready. Confirm your bank information at https://www.billing-confirmation.net/verify.
L0144,0,legitimate,Your package is ready for pickup at the collection desk during normal working hours.
P0358,1,phishing,Security alert: We detected unusual activity on your Google account. Confirm your identity using https://www.secure-account-check.com/verify.
P0129,1,phishing,Congratulations! You have been selected for a cash reward. Submit your details at https://www.reward-center-online.com/verify.
P1051,1,phishing,"We noticed a login from a new device. If this was not you, secure your account at https://www.billing-confirmation.net/verify."
P0800,1,phishing,Important document: Please review and sign the attached form using https://www.secure-account-check.com/verify.
P1076,1,phishing,Your payment was declined. Update your billing information within 24 hours at https://www.reward-center-online.com/verify.
L0247,0,legitimate,Thank you for contacting support. We have created a ticket and will respond within two business days.
L0649,0,legitimate,Thanks for your application. We will review your documents and contact you with the next steps.
P0715,1,phishing,Final notice: Your account will be closed unless you verify your password at https://www.reward-center-online.com/verify.
P0432,1,phishing,"We noticed a login from a new device. If this was not you, secure your account at https://www.billing-confirmation.net/verify."
P1031,1,phishing,Action required: Your subscription payment failed. Reactivate it immediately at https://www.account-security-alert.com/verify.
L0564,0,legitimate,Thank you for contacting support. We have created a ticket and will respond within two business days.
L1075,0,legitimate,"Hi Sanjay, the design review is scheduled for Thursday at 4:00 PM. Please let me know if you can attend."
P1026,1,phishing,Your employee benefits account requires verification. Sign in at https://www.verify-login-now.net/verify.
P0733,1,phishing,You have won a free smartphone. Claim your reward now by visiting https://www.billing-confirmation.net/verify.
P0325,1,phishing,Final notice: Your account will be closed unless you verify your password at https://www.secure-account-check.com/verify.
P0019,1,phishing,Your mailbox is over its storage limit. Login now to prevent email deactivation: https://www.account-security-alert.com/verify.
L0923,0,legitimate,"Hi Sanjay, here are the notes from yesterday's discussion. Please share any corrections."
P0939,1,phishing,"You have won a $1,000 bonus. Claim your reward now by visiting https://www.account-security-alert.com/verify."
L0281,0,legitimate,Reminder: your appointment with Student Services is scheduled for Wednesday at 2:00 PM.
L1137,0,legitimate,Your package is ready for pickup at the collection desk during normal working hours.
P0959,1,phishing,Your mailbox is over its storage limit. Login now to prevent email deactivation: https://www.billing-confirmation.net/verify.
P0286,1,phishing,Congratulations! You have been selected for a cash reward. Submit your details at https://www.verify-login-now.net/verify.
L0772,0,legitimate,Thanks for your application. We will review your documents and contact you with the next steps.
P0727,1,phishing,Your tax refund is ready. Confirm your bank information at https://www.reward-center-online.com/verify.
L0658,0,legitimate,"Hi Kiran, here are the notes from yesterday's discussion. Please share any corrections."
L0979,0,legitimate,"Please find the meeting agenda attached. We will discuss milestones, risks, and next week's tasks."
P0088,1,phishing,Action required: Your subscription payment failed. Reactivate it immediately at https://www.reward-center-online.com/verify.
P0911,1,phishing,You have won a $500 gift card. Claim your reward now by visiting https://www.account-security-alert.com/verify.
L0070,0,legitimate,"Hi Arjun, here are the notes from yesterday's discussion. Please share any corrections."
L0146,0,legitimate,Thanks for your application. We will review your documents and contact you with the next steps.
L0630,0,legitimate,"Hi everyone, today's training session will begin at 2:00 PM. The meeting link is in the calendar invitation."
L0133,0,legitimate,"Hi Akhila, the weekly sync is scheduled for Thursday at 4:00 PM. Please let me know if you can attend."
L0122,0,legitimate,"Hi Ananya, the client meeting is scheduled for Wednesday at 3:30 PM. Please let me know if you can attend."
P0070,1,phishing,Important document: Please review and sign the attached form using https://www.account-security-alert.com/verify.
P0621,1,phishing,You have won a shopping voucher. Claim your reward now by visiting https://www.secure-account-check.com/verify.
P1189,1,phishing,Your password expires today. Keep your account active by confirming it at https://www.secure-account-check.com/verify.
P0023,1,phishing,You have won a shopping voucher. Claim your reward now by visiting https://www.account-security-alert.com/verify.
P0798,1,phishing,Final notice: Your account will be closed unless you verify your password at https://www.account-security-alert.com/verify.
P1156,1,phishing,Urgent: Your Amazon account has been suspended. Verify your account immediately at https://www.billing-confirmation.net/verify.
L1200,0,legitimate,The department has approved the leave request. Please check the HR portal for the updated balance.
P0937,1,phishing,Your mailbox is over its storage limit. Login now to prevent email deactivation: https://www.reward-center-online.com/verify.
L1026,0,legitimate,Your order has been shipped and is expected to arrive on Wednesday. You can track it from your account dashboard.
P0058,1,phishing,You have won a shopping voucher. Claim your reward now by visiting https://www.secure-account-check.com/verify.
P0304,1,phishing,Your employee benefits account requires verification. Sign in at https://www.reward-center-online.com/verify.
L1199,0,legitimate,"Hello team, the weekly project update is attached. Please review it before the meeting."
L0467,0,legitimate,Your order has been shipped and is expected to arrive on Thursday. You can track it from your account dashboard.
P0854,1,phishing,Urgent: Your cloud account has been suspended. Verify your account immediately at https://www.account-security-alert.com/verify.
P0951,1,phishing,You are eligible for an exclusive bonus. Click https://www.reward-center-online.com/verify to claim it before midnight.
L0900,0,legitimate,"Hi Priya, could you please send the latest version of the report when convenient?"
L0439,0,legitimate,"Hi Ananya, here are the notes from yesterday's discussion. Please share any corrections."
L1009,0,legitimate,Thanks for your application. We will review your documents and contact you with the next steps.
P0791,1,phishing,Your employee benefits account requires verification. Sign in at https://www.billing-confirmation.net/verify.
P0802,1,phishing,Your password expires today. Keep your account active by confirming it at https://www.billing-confirmation.net/verify.
P0564,1,phishing,Important document: Please review and sign the attached form using https://www.account-security-alert.com/verify.
L0823,0,legitimate,The finance team has shared the monthly expense report. Please review the figures before Friday.
P0753,1,phishing,Your employee benefits account requires verification. Sign in at https://www.reward-center-online.com/verify.
P1010,1,phishing,Your mailbox is over its storage limit. Login now to prevent email deactivation: https://www.verify-login-now.net/verify.
L0006,0,legitimate,The maintenance team will inspect the office network on Tuesday. No action is required from you.
L0765,0,legitimate,Your order has been shipped and is expected to arrive on Wednesday. You can track it from your account dashboard.
L0967,0,legitimate,Your order has been shipped and is expected to arrive on Thursday. You can track it from your account dashboard.
L0168,0,legitimate,Thank you for contacting support. We have created a ticket and will respond within two business days.
P0593,1,phishing,Congratulations! You have been selected for a cash reward. Submit your details at https://www.verify-login-now.net/verify.
P0594,1,phishing,Your employee benefits account requires verification. Sign in at https://www.secure-account-check.com/verify.
P0984,1,phishing,Your payment was declined. Update your billing information within 24 hours at https://www.reward-center-online.com/verify.
P0976,1,phishing,Your payment was declined. Update your billing information within 24 hours at https://www.verify-login-now.net/verify.
P0411,1,phishing,"We noticed a login from a new device. If this was not you, secure your account at https://www.verify-login-now.net/verify."
P1120,1,phishing,"You have won a $1,000 bonus. Claim your reward now by visiting https://www.billing-confirmation.net/verify."
L0233,0,legitimate,"Hi Akhila, could you please send the latest version of the report when convenient?"
L0319,0,legitimate,Your package is ready for pickup at the collection desk during normal working hours.
P1048,1,phishing,Urgent: Your cloud account has been suspended. Verify your account immediately at https://www.account-security-alert.com/verify.
P0350,1,phishing,Action required: Your subscription payment failed. Reactivate it immediately at https://www.verify-login-now.net/verify.
P0493,1,phishing,Your payment was declined. Update your billing information within 24 hours at https://www.secure-account-check.com/verify.
L0147,0,legitimate,The maintenance team will inspect the office network on Tuesday. No action is required from you.
L0325,0,legitimate,Reminder: your appointment with HR is scheduled for Wednesday at 10:00 AM.
L0477,0,legitimate,"Hello team, the weekly project update is attached. Please review it before the meeting."
P0291,1,phishing,Action required: Your subscription payment failed. Reactivate it immediately at https://www.account-security-alert.com/verify.
P0379,1,phishing,Your payment was declined. Update your billing information within 24 hours at https://www.account-security-alert.com/verify.
P0045,1,phishing,Important document: Please review and sign the attached form using https://www.verify-login-now.net/verify.
L0103,0,legitimate,Your order has been shipped and is expected to arrive on Thursday. You can track it from your account dashboard.
P0300,1,phishing,Important document: Please review and sign the attached form using https://www.billing-confirmation.net/verify.
L1197,0,legitimate,The maintenance team will inspect the office network on Friday. No action is required from you.
P0253,1,phishing,Your tax refund is ready. Confirm your bank information at https://www.billing-confirmation.net/verify.
L0064,0,legitimate,Your package is ready for pickup at the collection desk during normal working hours.
L0148,0,legitimate,"Hi Rahul, could you please send the latest version of the report when convenient?"
L0560,0,legitimate,The department has approved the leave request. Please check the HR portal for the updated balance.
L0599,0,legitimate,"Hi Meera, here are the notes from yesterday's discussion. Please share any corrections."
P1067,1,phishing,You are eligible for an exclusive bonus. Click https://www.billing-confirmation.net/verify to claim it before midnight.
P0963,1,phishing,Important document: Please review and sign the attached form using https://www.billing-confirmation.net/verify.
P0754,1,phishing,Action required: Your subscription payment failed. Reactivate it immediately at https://www.reward-center-online.com/verify.
L0782,0,legitimate,Your library book is due on Monday. You can renew it through the library portal.
L1105,0,legitimate,"Hi Priya, the project review is scheduled for Wednesday at 3:30 PM. Please let me know if you can attend."
L0029,0,legitimate,Thank you for contacting support. We have created a ticket and will respond within two business days.
P0499,1,phishing,Your tax refund is ready. Confirm your bank information at https://www.secure-account-check.com/verify.
P0228,1,phishing,Your payment was declined. Update your billing information within 24 hours at https://www.reward-center-online.com/verify.
L0401,0,legitimate,"Hi Sanjay, the client meeting is scheduled for Tuesday at 2:00 PM. Please let me know if you can attend."
L0618,0,legitimate,Reminder: your appointment with Accounts is scheduled for Monday at 10:00 AM.
P0101,1,phishing,Final notice: Your account will be closed unless you verify your password at https://www.secure-account-check.com/verify.
L1066,0,legitimate,Your order has been shipped and is expected to arrive on Friday. You can track it from your account dashboard.
P0425,1,phishing,Your tax refund is ready. Confirm your bank information at https://www.verify-login-now.net/verify.
P0837,1,phishing,Final notice: Your account will be closed unless you verify your password at https://www.reward-center-online.com/verify.
P1013,1,phishing,Important document: Please review and sign the attached form using https://www.verify-login-now.net/verify.
P0397,1,phishing,Your tax refund is ready. Confirm your bank information at https://www.billing-confirmation.net/verify.
P0496,1,phishing,Your payment was declined. Update your billing information within 24 hours at https://www.secure-account-check.com/verify.
P0627,1,phishing,Final notice: Your account will be closed unless you verify your password at https://www.reward-center-online.com/verify.
P0001,1,phishing,Your employee benefits account requires verification. Sign in at https://www.secure-account-check.com/verify.
P0276,1,phishing,Your mailbox is over its storage limit. Login now to prevent email deactivation: https://www.account-security-alert.com/verify.
P0470,1,phishing,Your mailbox is over its storage limit. Login now to prevent email deactivation: https://www.secure-account-check.com/verify.
P0823,1,phishing,Your employee benefits account requires verification. Sign in at https://www.verify-login-now.net/verify.
L0787,0,legitimate,Thanks for your application. We will review your documents and contact you with the next steps.
P0027,1,phishing,Your payment was declined. Update your billing information within 24 hours at https://www.reward-center-online.com/verify.
L0074,0,legitimate,The department has approved the leave request. Please check the HR portal for the updated balance.
L0033,0,legitimate,"Hi Arjun, the weekly sync is scheduled for Friday at 3:30 PM. Please let me know if you can attend."
P0634,1,phishing,Your payment was declined. Update your billing information within 24 hours at https://www.billing-confirmation.net/verify.
P0916,1,phishing,Your password expires today. Keep your account active by confirming it at https://www.account-security-alert.com/verify.
P0559,1,phishing,Your tax refund is ready. Confirm your bank information at https://www.verify-login-now.net/verify.
L1099,0,legitimate,"Hello team, the weekly project update is attached. Please review it before the meeting."
P0591,1,phishing,Final notice: Your account will be closed unless you verify your password at https://www.account-security-alert.com/verify.
P0840,1,phishing,You are eligible for an exclusive bonus. Click https://www.secure-account-check.com/verify to claim it before midnight.
L0974,0,legitimate,"Please find the meeting agenda attached. We will discuss milestones, risks, and next week's tasks."
P0498,1,phishing,Your employee benefits account requires verification. Sign in at https://www.verify-login-now.net/verify.
P0250,1,phishing,Your tax refund is ready. Confirm your bank information at https://www.reward-center-online.com/verify.
L0158,0,legitimate,The finance team has shared the monthly expense report. Please review the figures before Friday.
L0773,0,legitimate,"Hi Meera, could you please send the latest version of the report when convenient?"
L1058,0,legitimate,"Hi Meera, here are the notes from yesterday's discussion. Please share any corrections."
P0399,1,phishing,Congratulations! You have been selected for a cash reward. Submit your details at https://www.secure-account-check.com/verify.
L0166,0,legitimate,Reminder: your appointment with Accounts is scheduled for Wednesday at 4:00 PM.
L1163,0,legitimate,Your package is ready for pickup at the collection desk during normal working hours.
P1107,1,phishing,Congratulations! You have been selected for a cash reward. Submit your details at https://www.billing-confirmation.net/verify.
P0225,1,phishing,Your employee benefits account requires verification. Sign in at https://www.billing-confirmation.net/verify.
P0347,1,phishing,Urgent: Your Office 365 account has been suspended. Verify your account immediately at https://www.secure-account-check.com/verify.
P0223,1,phishing,You are eligible for an exclusive bonus. Click https://www.billing-confirmation.net/verify to claim it before midnight.
L0686,0,legitimate,The finance team has shared the monthly expense report. Please review the figures before Friday.
L0696,0,legitimate,Your package is ready for pickup at the collection desk during normal working hours.
P0025,1,phishing,You are eligible for an exclusive bonus. Click https://www.verify-login-now.net/verify to claim it before midnight.
L0451,0,legitimate,"Hello team, the weekly project update is attached. Please review it before the meeting."
P0516,1,phishing,Important document: Please review and sign the attached form using https://www.reward-center-online.com/verify.
L0409,0,legitimate,Your package is ready for pickup at the collection desk during normal working hours.
P0220,1,phishing,Your payment was declined. Update your billing information within 24 hours at https://www.verify-login-now.net/verify.
L0002,0,legitimate,Reminder: your appointment with HR is scheduled for Thursday at 11:30 AM.
P0522,1,phishing,You have won a cash prize. Claim your reward now by visiting https://www.billing-confirmation.net/verify.
L0329,0,legitimate,"Please find the meeting agenda attached. We will discuss milestones, risks, and next week's tasks."
L0898,0,legitimate,Thank you for contacting support. We have created a ticket and will respond within two business days.
P0994,1,phishing,Your password expires today. Keep your account active by confirming it at https://www.account-security-alert.com/verify.
L0039,0,legitimate,The finance team has shared the monthly expense report. Please review the figures before Friday.
P0576,1,phishing,You have won a shopping voucher. Claim your reward now by visiting https://www.verify-login-now.net/verify.
P0363,1,phishing,Important document: Please review and sign the attached form using https://www.secure-account-check.com/verify.
L0525,0,legitimate,The finance team has shared the monthly expense report. Please review the figures before Friday.
P0109,1,phishing,Your password expires today. Keep your account active by confirming it at https://www.account-security-alert.com/verify.
P0114,1,phishing,Urgent: Your Microsoft account has been suspended. Verify your account immediately at https://www.account-security-alert.com/verify.
L0690,0,legitimate,Your library book is due on Friday. You can renew it through the library portal.
L1028,0,legitimate,"Hi Kiran, the weekly sync is scheduled for Wednesday at 2:00 PM. Please let me know if you can attend."
L0523,0,legitimate,"Hi everyone, today's training session will begin at 10:00 AM. The meeting link is in the calendar invitation."
L0990,0,legitimate,"Hi Kiran, here are the notes from yesterday's discussion. Please share any corrections."
L0552,0,legitimate,"Please find the meeting agenda attached. We will discuss milestones, risks, and next week's tasks."
L0251,0,legitimate,"Hi Meera, here are the notes from yesterday's discussion. Please share any corrections."
L0719,0,legitimate,Thanks for your application. We will review your documents and contact you with the next steps.
L0265,0,legitimate,The department has approved the leave request. Please check the HR portal for the updated balance.
L0864,0,legitimate,"Hi everyone, today's training session will begin at 4:00 PM. The meeting link is in the calendar invitation."
L1187,0,legitimate,"Hello team, the weekly project update is attached. Please review it before the meeting."
L0611,0,legitimate,Reminder: your appointment with IT Support is scheduled for Monday at 10:00 AM.
P0568,1,phishing,Your payment was declined. Update your billing information within 24 hours at https://www.reward-center-online.com/verify.
P0394,1,phishing,Congratulations! You have been selected for a cash reward. Submit your details at https://www.secure-account-check.com/verify.
L0590,0,legitimate,"Please find the meeting agenda attached. We will discuss milestones, risks, and next week's tasks."
L0340,0,legitimate,The department has approved the leave request. Please check the HR portal for the updated balance.
P0752,1,phishing,You have won a free smartphone. Claim your reward now by visiting https://www.secure-account-check.com/verify.
L1164,0,legitimate,"Hi Kiran, the client meeting is scheduled for Tuesday at 10:00 AM. Please let me know if you can attend."
L0018,0,legitimate,Reminder: your appointment with HR is scheduled for Wednesday at 4:00 PM.
P0351,1,phishing,You have won a cash prize. Claim your reward now by visiting https://www.account-security-alert.com/verify.
L0050,0,legitimate,The department has approved the leave request. Please check the HR portal for the updated balance.
L1037,0,legitimate,"Hi Priya, here are the notes from yesterday's discussion. Please share any corrections."
L0937,0,legitimate,The department has approved the leave request. Please check the HR portal for the updated balance.
L0506,0,legitimate,Thank you for contacting support. We have created a ticket and will respond within two business days.
P0556,1,phishing,Your mailbox is over its storage limit. Login now to prevent email deactivation: https://www.billing-confirmation.net/verify.
P1025,1,phishing,Your employee benefits account requires verification. Sign in at https://www.account-security-alert.com/verify.
P0818,1,phishing,Congratulations! You have been selected for a cash reward. Submit your details at https://www.verify-login-now.net/verify.
P0571,1,phishing,"We noticed a login from a new device. If this was not you, secure your account at https://www.billing-confirmation.net/verify."
L0121,0,legitimate,Reminder: your appointment with Accounts is scheduled for Tuesday at 10:00 AM.
L0586,0,legitimate,"Hello team, the weekly project update is attached. Please review it before the meeting."
P0710,1,phishing,You have won a cash prize. Claim your reward now by visiting https://www.reward-center-online.com/verify.
L0073,0,legitimate,The maintenance team will inspect the office network on Monday. No action is required from you.
L0038,0,legitimate,Your package is ready for pickup at the collection desk during normal working hours.
P1071,1,phishing,Final notice: Your account will be closed unless you verify your password at https://www.billing-confirmation.net/verify.
P0402,1,phishing,You are eligible for an exclusive bonus. Click https://www.billing-confirmation.net/verify to claim it before midnight.
L0435,0,legitimate,"Hi everyone, today's training session will begin at 10:00 AM. The meeting link is in the calendar invitation."
L1131,0,legitimate,"Hello team, the weekly project update is attached. Please review it before the meeting."
L0383,0,legitimate,"Hi Arjun, could you please send the latest version of the report when convenient?"
P1019,1,phishing,Your password expires today. Keep your account active by confirming it at https://www.billing-confirmation.net/verify.
L0253,0,legitimate,"Hi Kiran, the team meeting is scheduled for Friday at 11:30 AM. Please let me know if you can attend."
L0739,0,legitimate,Thank you for contacting support. We have created a ticket and will respond within two business days.
P0132,1,phishing,Your employee benefits account requires verification. Sign in at https://www.verify-login-now.net/verify.
L1180,0,legitimate,Your order has been shipped and is expected to arrive on Thursday. You can track it from your account dashboard.
P1192,1,phishing,"You have won a $1,000 bonus. Claim your reward now by visiting https://www.reward-center-online.com/verify."
P0331,1,phishing,Security alert: We detected unusual activity on your cloud account. Confirm your identity using https://www.reward-center-online.com/verify.
L0570,0,legitimate,Thank you for contacting support. We have created a ticket and will respond within two business days.
P0806,1,phishing,Your mailbox is over its storage limit. Login now to prevent email deactivation: https://www.secure-account-check.com/verify.
P0585,1,phishing,Important document: Please review and sign the attached form using https://www.reward-center-online.com/verify.
P1109,1,phishing,Security alert: We detected unusual activity on your company account. Confirm your identity using https://www.billing-confirmation.net/verify.
P0353,1,phishing,You have won a cash prize. Claim your reward now by visiting https://www.reward-center-online.com/verify.
P0636,1,phishing,Final notice: Your account will be closed unless you verify your password at https://www.billing-confirmation.net/verify.
L1142,0,legitimate,Your package is ready for pickup at the collection desk during normal working hours.
P1161,1,phishing,You have won a free smartphone. Claim your reward now by visiting https://www.account-security-alert.com/verify.
L0235,0,legitimate,"Hi Arjun, could you please send the latest version of the report when convenient?"
P0565,1,phishing,Final notice: Your account will be closed unless you verify your password at https://www.account-security-alert.com/verify.
P1030,1,phishing,"We noticed a login from a new device. If this was not you, secure your account at https://www.billing-confirmation.net/verify."
L1119,0,legitimate,Reminder: your appointment with IT Support is scheduled for Thursday at 3:30 PM.
P0003,1,phishing,Your employee benefits account requires verification. Sign in at https://www.reward-center-online.com/verify.
L1067,0,legitimate,"Hi Arjun, could you please send the latest version of the report when convenient?"
L0563,0,legitimate,Thank you for contacting support. We have created a ticket and will respond within two business days.
P0021,1,phishing,Your payment was declined. Update your billing information within 24 hours at https://www.billing-confirmation.net/verify.
L0053,0,legitimate,"Hi Akhila, here are the notes from yesterday's discussion. Please share any corrections."
L1064,0,legitimate,"Hi Akhila, could you please send the latest version of the report when convenient?"
L1114,0,legitimate,Your package is ready for pickup at the collection desk during normal working hours.
P0506,1,phishing,You are eligible for an exclusive bonus. Click https://www.reward-center-online.com/verify to claim it before midnight.
P1160,1,phishing,Your tax refund is ready. Confirm your bank information at https://www.secure-account-check.com/verify.
P0891,1,phishing,You have won a $500 gift card. Claim your reward now by visiting https://www.billing-confirmation.net/verify.
P0168,1,phishing,Important document: Please review and sign the attached form using https://www.verify-login-now.net/verify.
L1185,0,legitimate,"Please find the meeting agenda attached. We will discuss milestones, risks, and next week's tasks."
P0064,1,phishing,Congratulations! You have been selected for a cash reward. Submit your details at https://www.secure-account-check.com/verify.
L0008,0,legitimate,The department has approved the leave request. Please check the HR portal for the updated balance.
P0265,1,phishing,Your employee benefits account requires verification. Sign in at https://www.billing-confirmation.net/verify.
P1181,1,phishing,Your tax refund is ready. Confirm your bank information at https://www.reward-center-online.com/verify.
L0795,0,legitimate,"Hi Ananya, here are the notes from yesterday's discussion. Please share any corrections."
L0044,0,legitimate,Thanks for your application. We will review your documents and contact you with the next steps.
P0667,1,phishing,Your tax refund is ready. Confirm your bank information at https://www.reward-center-online.com/verify.
P1187,1,phishing,Important document: Please review and sign the attached form using https://www.verify-login-now.net/verify.
L0943,0,legitimate,Thanks for your application. We will review your documents and contact you with the next steps.
P0616,1,phishing,Your tax refund is ready. Confirm your bank information at https://www.reward-center-online.com/verify.
L0711,0,legitimate,Your order has been shipped and is expected to arrive on Monday. You can track it from your account dashboard.
P0603,1,phishing,Your password expires today. Keep your account active by confirming it at https://www.secure-account-check.com/verify.
L0844,0,legitimate,The department has approved the leave request. Please check the HR portal for the updated balance.
P0035,1,phishing,Important document: Please review and sign the attached form using https://www.secure-account-check.com/verify.
L1162,0,legitimate,Thank you for contacting support. We have created a ticket and will respond within two business days.
P1182,1,phishing,Important document: Please review and sign the attached form using https://www.secure-account-check.com/verify.
L0222,0,legitimate,"Hi everyone, today's training session will begin at 4:00 PM. The meeting link is in the calendar invitation."
L0664,0,legitimate,"Hello team, the weekly project update is attached. Please review it before the meeting."
L1121,0,legitimate,The department has approved the leave request. Please check the HR portal for the updated balance.
P0504,1,phishing,Action required: Your subscription payment failed. Reactivate it immediately at https://www.reward-center-online.com/verify.
L0207,0,legitimate,Your package is ready for pickup at the collection desk during normal working hours.
L0931,0,legitimate,Your order has been shipped and is expected to arrive on Monday. You can track it from your account dashboard.
P0169,1,phishing,Your password expires today. Keep your account active by confirming it at https://www.reward-center-online.com/verify.
P0781,1,phishing,You are eligible for an exclusive bonus. Click https://www.reward-center-online.com/verify to claim it before midnight.
L0067,0,legitimate,Your library book is due on Tuesday. You can renew it through the library portal.
P1132,1,phishing,Final notice: Your account will be closed unless you verify your password at https://www.reward-center-online.com/verify.
L0510,0,legitimate,Thanks for your application. We will review your documents and contact you with the next steps.
L0402,0,legitimate,Thank you for contacting support. We have created a ticket and will respond within two business days.
L0157,0,legitimate,"Hi Sanjay, here are the notes from yesterday's discussion. Please share any corrections."
L0229,0,legitimate,Thank you for contacting support. We have created a ticket and will respond within two business days.
P1087,1,phishing,Congratulations! You have been selected for a cash reward. Submit your details at https://www.secure-account-check.com/verify.
P0717,1,phishing,Your mailbox is over its storage limit. Login now to prevent email deactivation: https://www.billing-confirmation.net/verify.
L0959,0,legitimate,"Hi Meera, here are the notes from yesterday's discussion. Please share any corrections."
L0641,0,legitimate,Your package is ready for pickup at the collection desk during normal working hours.
P1122,1,phishing,Important document: Please review and sign the attached form using https://www.secure-account-check.com/verify.
P0443,1,phishing,Security alert: We detected unusual activity on your Microsoft account. Confirm your identity using https://www.billing-confirmation.net/verify.
L0348,0,legitimate,Thanks for your application. We will review your documents and contact you with the next steps.
P0794,1,phishing,Congratulations! You have been selected for a cash reward. Submit your details at https://www.reward-center-online.com/verify.
P0366,1,phishing,Important document: Please review and sign the attached form using https://www.account-security-alert.com/verify.
P0846,1,phishing,Your payment was declined. Update your billing information within 24 hours at https://www.secure-account-check.com/verify.
L0273,0,legitimate,Thank you for contacting support. We have created a ticket and will respond within two business days.
L1141,0,legitimate,"Hi Sanjay, the project review is scheduled for Monday at 10:00 AM. Please let me know if you can attend."
P1001,1,phishing,Security alert: We detected unusual activity on your Amazon account. Confirm your identity using https://www.reward-center-online.com/verify.
P0127,1,phishing,You have won a cash prize. Claim your reward now by visiting https://www.reward-center-online.com/verify.
L0840,0,legitimate,"Hi Rahul, could you please send the latest version of the report when convenient?"
L0264,0,legitimate,The finance team has shared the monthly expense report. Please review the figures before Friday.
L1078,0,legitimate,"Hi Arjun, the design review is scheduled for Tuesday at 4:00 PM. Please let me know if you can attend."
P0903,1,phishing,Action required: Your subscription payment failed. Reactivate it immediately at https://www.account-security-alert.com/verify.
L0481,0,legitimate,The department has approved the leave request. Please check the HR portal for the updated balance.
P0606,1,phishing,Your tax refund is ready. Confirm your bank information at https://www.billing-confirmation.net/verify.
P0085,1,phishing,You have won a free smartphone. Claim your reward now by visiting https://www.verify-login-now.net/verify.
L0928,0,legitimate,"Hello team, the weekly project update is attached. Please review it before the meeting."
P1106,1,phishing,Security alert: We detected unusual activity on your cloud account. Confirm your identity using https://www.billing-confirmation.net/verify.
P0462,1,phishing,Security alert: We detected unusual activity on your Office 365 account. Confirm your identity using https://www.billing-confirmation.net/verify.
L0784,0,legitimate,Your library book is due on Thursday. You can renew it through the library portal.
L0922,0,legitimate,The finance team has shared the monthly expense report. Please review the figures before Friday.
L1139,0,legitimate,"Please find the meeting agenda attached. We will discuss milestones, risks, and next week's tasks."
L0034,0,legitimate,Thank you for contacting support. We have created a ticket and will respond within two business days.
L0245,0,legitimate,Reminder: your appointment with IT Support is scheduled for Wednesday at 4:00 PM.
P0056,1,phishing,You have won a cash prize. Claim your reward now by visiting https://www.reward-center-online.com/verify.
L0680,0,legitimate,The finance team has shared the monthly expense report. Please review the figures before Friday.
L0293,0,legitimate,The finance team has shared the monthly expense report. Please review the figures before Friday.
P1039,1,phishing,Action required: Your subscription payment failed. Reactivate it immediately at https://www.billing-confirmation.net/verify.
L0793,0,legitimate,"Hi everyone, today's training session will begin at 11:30 AM. The meeting link is in the calendar invitation."
P1055,1,phishing,Your employee benefits account requires verification. Sign in at https://www.verify-login-now.net/verify.
L1036,0,legitimate,"Hi everyone, today's training session will begin at 4:00 PM. The meeting link is in the calendar invitation."
L0237,0,legitimate,"Please find the meeting agenda attached. We will discuss milestones, risks, and next week's tasks."
L0810,0,legitimate,Your order has been shipped and is expected to arrive on Tuesday. You can track it from your account dashboard.
L1177,0,legitimate,"Hi Kiran, the project review is scheduled for Wednesday at 11:30 AM. Please let me know if you can attend."
L0175,0,legitimate,"Hello team, the weekly project update is attached. Please review it before the meeting."
L0048,0,legitimate,"Hello team, the weekly project update is attached. Please review it before the meeting."
P0410,1,phishing,Action required: Your subscription payment failed. Reactivate it immediately at https://www.account-security-alert.com/verify.
P0385,1,phishing,"You have won a $1,000 bonus. Claim your reward now by visiting https://www.account-security-alert.com/verify."
P0601,1,phishing,Security alert: We detected unusual activity on your banking account. Confirm your identity using https://www.reward-center-online.com/verify.
P0686,1,phishing,Important document: Please review and sign the attached form using https://www.reward-center-online.com/verify.
L0861,0,legitimate,The finance team has shared the monthly expense report. Please review the figures before Friday.
L0952,0,legitimate,The maintenance team will inspect the office network on Wednesday. No action is required from you.
P0936,1,phishing,Your password expires today. Keep your account active by confirming it at https://www.verify-login-now.net/verify.
P1191,1,phishing,Security alert: We detected unusual activity on your Amazon account. Confirm your identity using https://www.verify-login-now.net/verify.
P0072,1,phishing,Final notice: Your account will be closed unless you verify your password at https://www.secure-account-check.com/verify.
P0186,1,phishing,You have won a cash prize. Claim your reward now by visiting https://www.reward-center-online.com/verify.
P0449,1,phishing,Your tax refund is ready. Confirm your bank information at https://www.billing-confirmation.net/verify.
L0736,0,legitimate,"Hi everyone, today's training session will begin at 2:00 PM. The meeting link is in the calendar invitation."
P1014,1,phishing,Your employee benefits account requires verification. Sign in at https://www.account-security-alert.com/verify.
L0801,0,legitimate,Thanks for your application. We will review your documents and contact you with the next steps.
P0005,1,phishing,"You have won a $1,000 bonus. Claim your reward now by visiting https://www.reward-center-online.com/verify."
L0741,0,legitimate,Your package is ready for pickup at the collection desk during normal working hours.
L0243,0,legitimate,Your package is ready for pickup at the collection desk during normal working hours.
P0040,1,phishing,Important document: Please review and sign the attached form using https://www.reward-center-online.com/verify.
P0700,1,phishing,Your tax refund is ready. Confirm your bank information at https://www.secure-account-check.com/verify.
P0316,1,phishing,Your password expires today. Keep your account active by confirming it at https://www.secure-account-check.com/verify.
P1081,1,phishing,Your employee benefits account requires verification. Sign in at https://www.billing-confirmation.net/verify.
P0728,1,phishing,Important document: Please review and sign the attached form using https://www.reward-center-online.com/verify.
P0086,1,phishing,Security alert: We detected unusual activity on your PayPal account. Confirm your identity using https://www.account-security-alert.com/verify.
L0169,0,legitimate,"Hi everyone, today's training session will begin at 10:00 AM. The meeting link is in the calendar invitation."
L0553,0,legitimate,Thanks for your application. We will review your documents and contact you with the next steps.
L0744,0,legitimate,Your package is ready for pickup at the collection desk during normal working hours.
P0053,1,phishing,Urgent: Your Microsoft account has been suspended. Verify your account immediately at https://www.secure-account-check.com/verify.
P0581,1,phishing,Congratulations! You have been selected for a cash reward. Submit your details at https://www.verify-login-now.net/verify.
L0665,0,legitimate,"Hi Akhila, here are the notes from yesterday's discussion. Please share any corrections."
L0161,0,legitimate,Your library book is due on Friday. You can renew it through the library portal.
P0768,1,phishing,Your tax refund is ready. Confirm your bank information at https://www.billing-confirmation.net/verify.
P0683,1,phishing,Important document: Please review and sign the attached form using https://www.secure-account-check.com/verify.
P0285,1,phishing,Your mailbox is over its storage limit. Login now to prevent email deactivation: https://www.billing-confirmation.net/verify.
L0091,0,legitimate,Thanks for your application. We will review your documents and contact you with the next steps.
P0698,1,phishing,Security alert: We detected unusual activity on your Google account. Confirm your identity using https://www.secure-account-check.com/verify.
L1111,0,legitimate,"Hi Ananya, here are the notes from yesterday's discussion. Please share any corrections."
L0051,0,legitimate,"Hello team, the weekly project update is attached. Please review it before the meeting."
L0753,0,legitimate,Thanks for your application. We will review your documents and contact you with the next steps.
L0862,0,legitimate,The finance team has shared the monthly expense report. Please review the figures before Friday.
P0759,1,phishing,"You have won a $1,000 bonus. Claim your reward now by visiting https://www.secure-account-check.com/verify."
P0387,1,phishing,"You have won a $1,000 bonus. Claim your reward now by visiting https://www.reward-center-online.com/verify."
P0013,1,phishing,Security alert: We detected unusual activity on your company account. Confirm your identity using https://www.secure-account-check.com/verify.
L1094,0,legitimate,Thanks for your application. We will review your documents and contact you with the next steps.
P1180,1,phishing,Your mailbox is over its storage limit. Login now to prevent email deactivation: https://www.billing-confirmation.net/verify.
L0224,0,legitimate,"Hello team, the weekly project update is attached. Please review it before the meeting."
P0834,1,phishing,Your tax refund is ready. Confirm your bank information at https://www.reward-center-online.com/verify.
P0701,1,phishing,Security alert: We detected unusual activity on your Office 365 account. Confirm your identity using https://www.reward-center-online.com/verify.
P0843,1,phishing,Security alert: We detected unusual activity on your banking account. Confirm your identity using https://www.verify-login-now.net/verify.
L0829,0,legitimate,Reminder: your appointment with HR is scheduled for Tuesday at 11:30 AM.
P1099,1,phishing,Your tax refund is ready. Confirm your bank information at https://www.billing-confirmation.net/verify.
P0901,1,phishing,You have won a free smartphone. Claim your reward now by visiting https://www.account-security-alert.com/verify.
P0415,1,phishing,You have won a $500 gift card. Claim your reward now by visiting https://www.verify-login-now.net/verify.
L0410,0,legitimate,"Please find the meeting agenda attached. We will discuss milestones, risks, and next week's tasks."
L0406,0,legitimate,Reminder: your appointment with HR is scheduled for Tuesday at 10:00 AM.
L0458,0,legitimate,"Hi everyone, today's training session will begin at 4:00 PM. The meeting link is in the calendar invitation."
P0928,1,phishing,Your password expires today. Keep your account active by confirming it at https://www.secure-account-check.com/verify.
P1129,1,phishing,"We noticed a login from a new device. If this was not you, secure your account at https://www.account-security-alert.com/verify."
P0414,1,phishing,"You have won a $1,000 bonus. Claim your reward now by visiting https://www.billing-confirmation.net/verify."
L0980,0,legitimate,The department has approved the leave request. Please check the HR portal for the updated balance.
P0270,1,phishing,You are eligible for an exclusive bonus. Click https://www.secure-account-check.com/verify to claim it before midnight.
P0978,1,phishing,Your employee benefits account requires verification. Sign in at https://www.verify-login-now.net/verify.
P1091,1,phishing,Your employee benefits account requires verification. Sign in at https://www.secure-account-check.com/verify.
P0147,1,phishing,Your mailbox is over its storage limit. Login now to prevent email deactivation: https://www.reward-center-online.com/verify.
L1138,0,legitimate,The department has approved the leave request. Please check the HR portal for the updated balance.
P0472,1,phishing,Security alert: We detected unusual activity on your company account. Confirm your identity using https://www.account-security-alert.com/verify.
P0900,1,phishing,"We noticed a login from a new device. If this was not you, secure your account at https://www.verify-login-now.net/verify."
P0455,1,phishing,You are eligible for an exclusive bonus. Click https://www.verify-login-now.net/verify to claim it before midnight.
P1020,1,phishing,You have won a cash prize. Claim your reward now by visiting https://www.account-security-alert.com/verify.
P0205,1,phishing,Final notice: Your account will be closed unless you verify your password at https://www.reward-center-online.com/verify.
P0448,1,phishing,Your mailbox is over its storage limit. Login now to prevent email deactivation: https://www.reward-center-online.com/verify.
L0576,0,legitimate,"Hi Priya, the team meeting is scheduled for Tuesday at 4:00 PM. Please let me know if you can attend."
L0925,0,legitimate,Reminder: your appointment with Accounts is scheduled for Wednesday at 11:30 AM.
L0822,0,legitimate,"Hi Akhila, could you please send the latest version of the report when convenient?"
L0970,0,legitimate,Your package is ready for pickup at the collection desk during normal working hours.
P1131,1,phishing,Your payment was declined. Update your billing information within 24 hours at https://www.reward-center-online.com/verify.
P0724,1,phishing,You have won a shopping voucher. Claim your reward now by visiting https://www.verify-login-now.net/verify.
L0450,0,legitimate,Reminder: your appointment with Student Services is scheduled for Thursday at 4:00 PM.
P0776,1,phishing,Important document: Please review and sign the attached form using https://www.reward-center-online.com/verify.
L0005,0,legitimate,Your package is ready for pickup at the collection desk during normal working hours.
P0795,1,phishing,Your password expires today. Keep your account active by confirming it at https://www.billing-confirmation.net/verify.
L0531,0,legitimate,The department has approved the leave request. Please check the HR portal for the updated balance.
L0367,0,legitimate,"Hi Priya, here are the notes from yesterday's discussion. Please share any corrections."
P0202,1,phishing,You are eligible for an exclusive bonus. Click https://www.account-security-alert.com/verify to claim it before midnight.
P0401,1,phishing,Your employee benefits account requires verification. Sign in at https://www.secure-account-check.com/verify.
L0315,0,legitimate,"Hi Kiran, here are the notes from yesterday's discussion. Please share any corrections."
P1117,1,phishing,Your tax refund is ready. Confirm your bank information at https://www.secure-account-check.com/verify.
L0608,0,legitimate,"Please find the meeting agenda attached. We will discuss milestones, risks, and next week's tasks."
P0218,1,phishing,Urgent: Your Microsoft account has been suspended. Verify your account immediately at https://www.verify-login-now.net/verify.
L0167,0,legitimate,"Hi Meera, could you please send the latest version of the report when convenient?"
L0881,0,legitimate,"Hi Sanjay, here are the notes from yesterday's discussion. Please share any corrections."
L0565,0,legitimate,The department has approved the leave request. Please check the HR portal for the updated balance.
L0857,0,legitimate,"Hi Ananya, here are the notes from yesterday's discussion. Please share any corrections."
L0426,0,legitimate,The department has approved the leave request. Please check the HR portal for the updated balance.
P0617,1,phishing,You are eligible for an exclusive bonus. Click https://www.secure-account-check.com/verify to claim it before midnight.
P0869,1,phishing,Important document: Please review and sign the attached form using https://www.account-security-alert.com/verify.
L0568,0,legitimate,The finance team has shared the monthly expense report. Please review the figures before Friday.
L0252,0,legitimate,"Hi everyone, today's training session will begin at 3:30 PM. The meeting link is in the calendar invitation."
P0345,1,phishing,Your password expires today. Keep your account active by confirming it at https://www.secure-account-check.com/verify.
L1055,0,legitimate,Your order has been shipped and is expected to arrive on Wednesday. You can track it from your account dashboard.
P0485,1,phishing,Your payment was declined. Update your billing information within 24 hours at https://www.billing-confirmation.net/verify.
P1088,1,phishing,Your password expires today. Keep your account active by confirming it at https://www.verify-login-now.net/verify.
L0242,0,legitimate,Reminder: your appointment with HR is scheduled for Wednesday at 10:00 AM.
L0655,0,legitimate,The finance team has shared the monthly expense report. Please review the figures before Friday.
L0975,0,legitimate,Your library book is due on Thursday. You can renew it through the library portal.
L0751,0,legitimate,Reminder: your appointment with Student Services is scheduled for Thursday at 4:00 PM.
P0118,1,phishing,You have won a shopping voucher. Claim your reward now by visiting https://www.secure-account-check.com/verify.
P1093,1,phishing,"We noticed a login from a new device. If this was not you, secure your account at https://www.reward-center-online.com/verify."
P0767,1,phishing,Your payment was declined. Update your billing information within 24 hours at https://www.billing-confirmation.net/verify.
L0688,0,legitimate,Thank you for contacting support. We have created a ticket and will respond within two business days.
P0068,1,phishing,"You have won a $1,000 bonus. Claim your reward now by visiting https://www.secure-account-check.com/verify."
P0986,1,phishing,Important document: Please review and sign the attached form using https://www.account-security-alert.com/verify.
P0452,1,phishing,Your mailbox is over its storage limit. Login now to prevent email deactivation: https://www.secure-account-check.com/verify.
P0439,1,phishing,You have won a cash prize. Claim your reward now by visiting https://www.reward-center-online.com/verify.
L0689,0,legitimate,"Hi Akhila, could you please send the latest version of the report when convenient?"
P0604,1,phishing,You are eligible for an exclusive bonus. Click https://www.secure-account-check.com/verify to claim it before midnight.
P0419,1,phishing,Your payment was declined. Update your billing information within 24 hours at https://www.billing-confirmation.net/verify.
L1165,0,legitimate,Your order has been shipped and is expected to arrive on Tuesday. You can track it from your account dashboard.
L0059,0,legitimate,"Please find the meeting agenda attached. We will discuss milestones, risks, and next week's tasks."
P0673,1,phishing,You are eligible for an exclusive bonus. Click https://www.account-security-alert.com/verify to claim it before midnight.
L0533,0,legitimate,"Hi Akhila, could you please send the latest version of the report when convenient?"
P1139,1,phishing,Security alert: We detected unusual activity on your banking account. Confirm your identity using https://www.billing-confirmation.net/verify.
P0282,1,phishing,Your employee benefits account requires verification. Sign in at https://www.billing-confirmation.net/verify.
L1194,0,legitimate,Your order has been shipped and is expected to arrive on Wednesday. You can track it from your account dashboard.
L0440,0,legitimate,Your order has been shipped and is expected to arrive on Friday. You can track it from your account dashboard.
P0832,1,phishing,Urgent: Your Microsoft account has been suspended. Verify your account immediately at https://www.secure-account-check.com/verify.
L0904,0,legitimate,"Hi Akhila, here are the notes from yesterday's discussion. Please share any corrections."
L0654,0,legitimate,The maintenance team will inspect the office network on Monday. No action is required from you.
L0380,0,legitimate,Your library book is due on Tuesday. You can renew it through the library portal.
L0290,0,legitimate,Your package is ready for pickup at the collection desk during normal working hours.
P0897,1,phishing,Security alert: We detected unusual activity on your Office 365 account. Confirm your identity using https://www.secure-account-check.com/verify.
P0533,1,phishing,Congratulations! You have been selected for a cash reward. Submit your details at https://www.reward-center-online.com/verify.
P0433,1,phishing,Your mailbox is over its storage limit. Login now to prevent email deactivation: https://www.billing-confirmation.net/verify.
L0867,0,legitimate,"Hi everyone, today's training session will begin at 2:00 PM. The meeting link is in the calendar invitation."
P0631,1,phishing,You are eligible for an exclusive bonus. Click https://www.billing-confirmation.net/verify to claim it before midnight.
L0660,0,legitimate,Your order has been shipped and is expected to arrive on Friday. You can track it from your account dashboard.
L0078,0,legitimate,Thanks for your application. We will review your documents and contact you with the next steps.
L0084,0,legitimate,Reminder: your appointment with Student Services is scheduled for Tuesday at 10:00 AM.
L0906,0,legitimate,The maintenance team will inspect the office network on Wednesday. No action is required from you.
L0962,0,legitimate,Thanks for your application. We will review your documents and contact you with the next steps.
P0855,1,phishing,Your payment was declined. Update your billing information within 24 hours at https://www.secure-account-check.com/verify.
L0195,0,legitimate,Reminder: your appointment with HR is scheduled for Thursday at 4:00 PM.
P0429,1,phishing,Important document: Please review and sign the attached form using https://www.account-security-alert.com/verify.
L0798,0,legitimate,"Hi Akhila, here are the notes from yesterday's discussion. Please share any corrections."
P0770,1,phishing,Security alert: We detected unusual activity on your banking account. Confirm your identity using https://www.verify-login-now.net/verify.
L0378,0,legitimate,"Hi Priya, the project review is scheduled for Friday at 2:00 PM. Please let me know if you can attend."
L0718,0,legitimate,"Hi Ananya, the project review is scheduled for Wednesday at 3:30 PM. Please let me know if you can attend."
P0886,1,phishing,Urgent: Your PayPal account has been suspended. Verify your account immediately at https://www.account-security-alert.com/verify.
P0054,1,phishing,Security alert: We detected unusual activity on your banking account. Confirm your identity using https://www.account-security-alert.com/verify.
P0871,1,phishing,Urgent: Your Google account has been suspended. Verify your account immediately at https://www.account-security-alert.com/verify.
P0247,1,phishing,Final notice: Your account will be closed unless you verify your password at https://www.account-security-alert.com/verify.
